year	name	cname	sex	party	abr	votes	tot
1977	Anantapur	Devineni Narayanaswamy	M	Bharatiya Lok Dal	BLD	173071	640440
1977	Anantapur	Darur Pullaiah	M	Indian National Congress	INC	215279	640440
1980	Anantapur	Yatam Narayana Reddy	M	Independents	IND	1674	714608
1980	Anantapur	N. Rajasekhara Reddy	M	Communist Party Of India	CPI	76649	714608
1980	Anantapur	Devineni Narayanaswamy	M	Janta Party	JNP	98561	714608
1980	Anantapur	Darur Pullaiah	M	Indian Natioanl Congress (I)	INC(I)	171838	714608
1984	Anantapur	Adavula Narayana	M	Independent	IND	306	798271
1984	Anantapur	S.Chinnappa Setty	M	Independent	IND	474	798271
1984	Anantapur	Yatam Narayana Reddy	M	Independent	IND	643	798271
1984	Anantapur	Bagalokota Rama Rao	M	Independent	IND	654	798271
1984	Anantapur	M.Usman	M	Independent	IND	802	798271
1984	Anantapur	Motappa	M	Independent	IND	1069	798271
1984	Anantapur	Lakshmi Narayana	M	Independent	IND	1192	798271
1984	Anantapur	C.Venkatachalapathi	M	Independent	IND	1486	798271
1984	Anantapur	M.Swami Rao	M	Independent	IND	1575	798271
1984	Anantapur	Juturu Chennappa	M	Independent	IND	1771	798271
1984	Anantapur	Rentala Sudhakara Gupta	M	Independent	IND	5266	798271
1984	Anantapur	Darur Pullaiah	M	Indian National Congress	INC	193658	798271
1984	Anantapur	Devineni Narayanaswamy	M	Telugu Desam	TDP	302307	798271
1989	Anantapur	Bagalokota Rama Rao	M	Independent	IND	3003	1013902
1989	Anantapur	P.J. Dhanaraj	M	Bahujan Samaj Party	BSP	6484	1013902
1989	Anantapur	G. Ramanna Chowdary	M	Telugu Desam	TDP	290203	1013902
1989	Anantapur	Anantha Venkata Rami Reddy	M	Indian National Congress	INC	349685	1013902
1991	Anantapur	Bagalakota Rama Rao	M	Independent	IND	789	1016053
1991	Anantapur	Pujari Narayana	M	Independent	IND	878	1016053
1991	Anantapur	Adavula Narayana	M	Independent	IND	959	1016053
1991	Anantapur	Motappa	M	Independent	IND	1933	1016053
1991	Anantapur	K. Narayanaswamy	M	Janata Party	JP	3237	1016053
1991	Anantapur	Gurugu Venkatadasu	M	Independent	IND	3667	1016053
1991	Anantapur	Venkataswamy Muthuluru	M	BJP	BJP	38767	1016053
1991	Anantapur	B.T.L.N. Chowary	M	Telugu Desam	TDP	200392	1016053
1991	Anantapur	Anantha Venkata Rami Reddy	M	Indian National Congress	INC	362676	1016053
1996	Anantapur	G.C.Ravindra Nath	M	Independent	IND	338	1214517
1996	Anantapur	M.Osman	M	Independent	IND	505	1214517
1996	Anantapur	S.Surendra Prasad	M	Independent	IND	764	1214517
1996	Anantapur	S Khaja Hussain	M	Independent	IND	821	1214517
1996	Anantapur	Boya Bhaskar	M	Independent	IND	825	1214517
1996	Anantapur	G.Jaganmohan Reddy	M	Independent	IND	845	1214517
1996	Anantapur	Rachamadugu Subramanyam	M	Independent	IND	874	1214517
1996	Anantapur	Bokkasam Ramamohan	M	Independent	IND	910	1214517
1996	Anantapur	J.C.Salaiah	M	Independent	IND	974	1214517
1996	Anantapur	Bagalakota Rama Rao	M	Independent	IND	1131	1214517
1996	Anantapur	R.Madhusudhana Rao	M	Independent	IND	1296	1214517
1996	Anantapur	Vaikuntam Prasadu Naidu	M	Independent	IND	1366	1214517
1996	Anantapur	M.Prabhakar	M	Independent	IND	1774	1214517
1996	Anantapur	K.Krishna Reddy	M	Independent	IND	2303	1214517
1996	Anantapur	Chandragiri Motappa	M	Independent	IND	2391	1214517
1996	Anantapur	T Chandrayudu	M	Independent	IND	2403	1214517
1996	Anantapur	Pateel Ramalinga Reddy	M	Independent	IND	2629	1214517
1996	Anantapur	Nimmala Nehaji	M	Independent	IND	3943	1214517
1996	Anantapur	Nagaraju	M	Independent	IND	5426	1214517
1996	Anantapur	Veluri Kesava Chowdari	M	BJP	BJP	21802	1214517
1996	Anantapur	V Prabhakara Chowdary	M	Ntr Telugu Desam Party (Lakshmi Parvathi)	NTRTDP(LP)	94485	1214517
1996	Anantapur	R.Rangappa	M	Communist Party Of India	CPI	205986	1214517
1996	Anantapur	Anantha Venkata Rami Reddy	M	Indian National Congress	INC	284845	1214517
1998	Anantapur	Bheemalingaiah	M	Independent	IND	673	1213025
1998	Anantapur	M.Venkataramudu	M	Independent	IND	1085	1213025
1998	Anantapur	Belagalla Ramesh Babu	M	Independent	IND	1430	1213025
1998	Anantapur	M.Adil Basha	M	Independent	IND	2662	1213025
1998	Anantapur	Bangi Sudarshan	M	Independent	IND	5516	1213025
1998	Anantapur	C. Peddanna	M	Independent	IND	9273	1213025
1998	Anantapur	Veluri Kesava Chowdari	M	BJP	BJP	93339	1213025
1998	Anantapur	K. Ramakrishna	M	Communist Party Of India	CPI	238076	1213025
1998	Anantapur	Anantha Venkata Rami Reddy	M	Indian National Congress	INC	320474	1213025
1999	Anantapur	Bheemalingaiah	M	Independent	IND	890	1226314
1999	Anantapur	Y. Pothulaiah	M	Independent	IND	1251	1226314
1999	Anantapur	A. Ramachandra Chowdary	M	Anna Telugu Desam Party	ATDP	14823	1226314
1999	Anantapur	Anantha Venkata Rami Reddy	M	Indian National Congress	INC	357386	1226314
1999	Anantapur	Kalava Srinivasulu	M	Telugu Desam	TDP	378488	1226314
2004	Anantapur	B. S. Amarnath	M	IND	IND	3640	1280923
2004	Anantapur	A. Jagan Mohan Rao	M	TRS	TRS	4419	1280923
2004	Anantapur	K. Venkatesulu	M	PPOI	PPOI	6232	1280923
2004	Anantapur	Yatham Pothalaiah	M	IND	IND	7102	1280923
2004	Anantapur	Gaddala Nagabhushanam	M	BSP	BSP	9296	1280923
2004	Anantapur	Kalava Srinivasulu	M	TDP	TDP	385521	1280923
2004	Anantapur	Anantha Venkata Rami Reddy	M	INC	INC	458925	1280923
2009	Anantapur	Krushnapuram Gayathri Devi	F	Communist Party Of India (Marxist-Leninist) (Liberation)	CPI(ML)	2083	1411460
2009	Anantapur	G Hari	M	Pyramid Party Of India	PPOI	3232	1411460
2009	Anantapur	T Chandra Sekhar	M	Independent	IND	3346	1411460
2009	Anantapur	Devella Murali	M	Independent	IND	4781	1411460
2009	Anantapur	Gaddala Nagabhushanam	M	Bahujan Samaj Party	BSP	5921	1411460
2009	Anantapur	Amarnath	M	Lok Satta Party	LSP	6340	1411460
2009	Anantapur	K P Narayana Swamy	M	Independent	IND	8908	1411460
2009	Anantapur	J C Ramanjula Reddy	M	Independent	IND	9179	1411460
2009	Anantapur	Ambati Rama Krishna Reddy	M	BJP	BJP	16540	1411460
2009	Anantapur	Mansoor	M	Praja Rajyam Party	PRAP	102047	1411460
2009	Anantapur	Kalava Srinivasulu	M	Telugu Desam	TDP	379955	1411460
2009	Anantapur	Anantha Venkata Rami Reddy	M	Indian National Congress	INC	457876	1411460
2014	Anantapur	G Lalitha	F	SUCI	SUCI	952	1536894
2014	Anantapur	G. Nagaraju	M	IND	IND	1095	1536894
2014	Anantapur	Buzireddy Venugopal Reddy	M	ICSP	ICSP	1388	1536894
2014	Anantapur	B. Srinivasulu	M	IND	IND	1599	1536894
2014	Anantapur	Pavan Kumar	M	PPOI	PPOI	2076	1536894
2014	Anantapur	D. Somanath	M	IND	IND	2274	1536894
2014	Anantapur	Boya Anil Kumar	M	JaSPa	JaSPa	2800	1536894
2014	Anantapur	Shaik. Mohammad Shafi.	M	IND	IND	3031	1536894
2014	Anantapur	Kasani Nagaraju	M	BSP	BSP	6227	1536894
2014	Anantapur	T.Kuladeep Chowdary	M	STR	STR	6542	1536894
2014	Anantapur	None Of The Above	NULL	NOTA	NOTA	8857	1536894
2014	Anantapur	P. Anil Chowdary	M	INC	INC	16719	1536894
2014	Anantapur	Anantha Venkataramireddy	M	YSRCP	YSRCP	548297	1536894
2014	Anantapur	J.C. Diwakar Reddy	M	TDP	TDP	610288	1536894
1978	Anantapur Urban	Anantha Venkata Rami Reddy	M	Indian National Congress	INC	9681	96591
1978	Anantapur Urban	Meda Subbaiah	M	Janata Party	JNP	24869	96591
1978	Anantapur Urban	B.T.L.N. Chowdary	M	Indian National Congress (I)	INC(I)	28204	96591
1983	Anantapur Urban	N. Srinivasa	M	Independents	IND	89	118791
1983	Anantapur Urban	Adavula Narayana	M	Independents	IND	112	118791
1983	Anantapur Urban	M. Ramachandra Rao	M	Janta Party	JNP	469	118791
1983	Anantapur Urban	P. Bugganna	M	BJP	BJP	3278	118791
1983	Anantapur Urban	B.T.L.N. Chowdary	M	Indian National Congress	INC	17791	118791
1983	Anantapur Urban	Devineni Narayanaswamy	M	Independents	IND	57255	118791
1985	Anantapur Urban	N. Veeranjaneyulu	M	Independent	IND	109	131428
1985	Anantapur Urban	Rentala Sudhakara Gupta	M	Independent	IND	386	131428
1985	Anantapur Urban	A. Narayana Reddy	M	Indian National Congress	INC	36294	131428
1985	Anantapur Urban	N. Ramakrishna	M	Telugu Desam	TDP	43715	131428
1989	Anantapur Urban	T. Sree Ramulu	M	Independents	IND	172	174807
1989	Anantapur Urban	M. Usman	M	All India Dalit Muslim Minorities Suraksha Mahasangh	DMM	329	174807
1989	Anantapur Urban	K. Guruswamy Yadav	M	Bahujan Samaj Party	BSP	413	174807
1989	Anantapur Urban	Kammuri Saifulla	M	Telugu Desam	TDP	41288	174807
1989	Anantapur Urban	Bodimalla Narayana Reddy	M	Indian National Congress	INC	63601	174807
1994	Anantapur Urban	R. Harinath Reddy	M	Independent	IND	47	200760
1994	Anantapur Urban	K.G. Surendranath Yadav	M	Samajwadi Party	SP	122	200760
1994	Anantapur Urban	K. Gaffoor	M	Independent	IND	317	200760
1994	Anantapur Urban	Kakshmaiah	M	Independent	IND	427	200760
1994	Anantapur Urban	Veluri Kesava Chowdary	M	BJP	BJP	3906	200760
1994	Anantapur Urban	B. Narayana Reddy	M	Indian National Congress	INC	45930	200760
1994	Anantapur Urban	K. Ramakrishna	M	Communist Party Of India	CPI	68294	200760
1999	Anantapur Urban	K. Prabhakara Rao	M	Independent	IND	179	233147
1999	Anantapur Urban	B. Narayana Reddy	M	Independent	IND	383	233147
1999	Anantapur Urban	K. Ramakrishna	M	Communist Party Of India	CPI	6690	233147
1999	Anantapur Urban	V. Prabhakar Chowdary	M	Telugu Desam	TDP	56651	233147
1999	Anantapur Urban	B. Narayana Reddy	M	Indian National Congress	INC	60116	233147
2004	Anantapur Urban	Jonnakuti Ananta Venkata Reddy	M	Independent	IND	134	246290
2004	Anantapur Urban	G. Nagaraju	M	Independent	IND	149	246290
2004	Anantapur Urban	D. Govinda Reddy	M	Independent	IND	178	246290
2004	Anantapur Urban	Thimmapuram Udaya Kumar	M	Bahujan Republican Party	BJRP	273	246290
2004	Anantapur Urban	Masulu Sreenivasulu	M	Ntr Telugu Desam Party (Lakshmi Parvathi)	NTRTDP(LP)	279	246290
2004	Anantapur Urban	Smt G. Lalitha	F	Independent	IND	352	246290
2004	Anantapur Urban	B. Nagasankar Reddy	M	Independent	IND	541	246290
2004	Anantapur Urban	K. Venkata Ramana	M	Independent	IND	605	246290
2004	Anantapur Urban	G. Haribabu	M	Pyramid Party Of India	PPOI	732	246290
2004	Anantapur Urban	R. Rangappa	M	Independent	IND	931	246290
2004	Anantapur Urban	S. Shaikshavali	M	Bahujan Samaj Party	BSP	936	246290
2004	Anantapur Urban	T. Atmarami Reddy	M	Independent	IND	4224	246290
2004	Anantapur Urban	V. Prabhakar Chowdary	M	Independent	IND	24084	246290
2004	Anantapur Urban	K.M. Rahamthullah	M	Telugu Desam	TDP	38278	246290
2004	Anantapur Urban	B. Narayana Reddy	M	Indian National Congress	INC	76059	246290
2009	Anantapur Urban	D Rama Krishna	M	IND	IND	81	229876
2009	Anantapur Urban	Avulanna Kullayappa	M	IND	IND	82	229876
2009	Anantapur Urban	V Anjaneyulu	M	RDHP	RDHP	98	229876
2009	Anantapur Urban	Chakala Nagaraju	M	IND	IND	106	229876
2009	Anantapur Urban	D Riyaz	M	IND	IND	119	229876
2009	Anantapur Urban	S Phani Kumar	M	IND	IND	141	229876
2009	Anantapur Urban	K Basha	M	CPI(ML)(L)	CPI(ML)(L)	207	229876
2009	Anantapur Urban	Dasari Adinarayana	M	IND	IND	214	229876
2009	Anantapur Urban	G Lalitha	F	IND	IND	284	229876
2009	Anantapur Urban	K Vijaya Kumar	M	PPOI	PPOI	329	229876
2009	Anantapur Urban	Syed Fayazuddin	M	BJP	BJP	728	229876
2009	Anantapur Urban	Kasani Nagaraju	M	BSP	BSP	1352	229876
2009	Anantapur Urban	S Salar Basha	M	IND	IND	2156	229876
2009	Anantapur Urban	Doctor K Kondaiah	M	LSP	LSP	4314	229876
2009	Anantapur Urban	T J Prakash	M	PRAP	PRAP	28489	229876
2009	Anantapur Urban	Mahalakshmi Sreenivasulu	M	TDP	TDP	32033	229876
2009	Anantapur Urban	B Gurunatha Reddy	M	INC	INC	45275	229876
2014	Anantapur Urban	C.Ramesh Gowd	M	RPS	RPS	75	505636
2014	Anantapur Urban	M.C.Baba Fakruddin	M	SP	SP	84	505636
2014	Anantapur Urban	T.Sivadeep Ranjeet	M	STR	STR	92	505636
2014	Anantapur Urban	D.Raghavendra	M	SUCI	SUCI	103	505636
2014	Anantapur Urban	S. Abdul Azeez	M	IND	IND	122	505636
2014	Anantapur Urban	S.Suryachandra Naidu	M	IND	IND	127	505636
2014	Anantapur Urban	Md.Hassain	M	WPOI	WPOI	153	505636
2014	Anantapur Urban	Shaik. Sardar Vali	M	IND	IND	209	505636
2014	Anantapur Urban	S.Abdul Khadar	M	IND	IND	215	505636
2014	Anantapur Urban	K.Guruvenkatavittal	M	IND	IND	220	505636
2014	Anantapur Urban	Anke Kullayappa	M	BSP	BSP	271	505636
2014	Anantapur Urban	A.Vamsi Krishna	M	IND	IND	308	505636
2014	Anantapur Urban	R.Chenna Rajesh Gowd	M	AAAP	AAAP	327	505636
2014	Anantapur Urban	T.Natesh Chowdary	M	IND	IND	366	505636
2014	Anantapur Urban	S.Ali	M	AIMIM	AIMIM	667	505636
2014	Anantapur Urban	K.Chiranjeevi Reddy	M	JASPA	JASPA	766	505636
2014	Anantapur Urban	Mandla Valmiki Gangadhar	M	IND	IND	835	505636
2014	Anantapur Urban	None Of The Above		NOTA	NOTA	1094	505636
2014	Anantapur Urban	V.Govardhan Reddy	M	INC	INC	1473	505636
2014	Anantapur Urban	S.Ismail	M	LSP	LSP	2121	505636
2014	Anantapur Urban	Palyam Narayanaswamy	M	CPI	CPI	2363	505636
2014	Anantapur Urban	V. Rambhupal	M	CPM	CPM	3352	505636
2014	Anantapur Urban	B Gurunatha Reddy	M	YSRCP	YSRCP	65370	505636
2014	Anantapur Urban	V. Prabhakar Chowdary	M	TDP	TDP	74704	505636
2009	Guntakal	G. Veeranjeneya	M	BHSASP	BHSASP	583	217807
2009	Guntakal	Pasupula Hari Haranath	M	BJP	BJP	1570	217807
2009	Guntakal	D.Hemadri	M	IND	IND	1610	217807
2009	Guntakal	T.Obilesu	M	BSP	BSP	2740	217807
2009	Guntakal	Pathi Ravi	M	PRAP	PRAP	20417	217807
2009	Guntakal	Sainath Goud Ramagowni	M	TDP	TDP	51753	217807
2009	Guntakal	Madhusudhan	M	INC	INC	61097	217807
2014	Guntakal	B. Obulesu	M	IND	IND	122	464250
2014	Guntakal	E. Suresh Babu	M	IND	IND	146	464250
2014	Guntakal	Nallabothula Ramesh	M	AAAP	AAAP	151	464250
2014	Guntakal	D.M.D.Zabeeulla	M	RPS	RPS	179	464250
2014	Guntakal	B.Sreenivasulu	M	IND	IND	181	464250
2014	Guntakal	S. Jakir	M	IND	IND	196	464250
2014	Guntakal	T. Shakunthala	F	IND	IND	217	464250
2014	Guntakal	P.Ramanjineyulu	M	PPOI	PPOI	224	464250
2014	Guntakal	K.Jeenathunnisa	F	IND	IND	271	464250
2014	Guntakal	Bavigadda Obulaiah	M	IND	IND	333	464250
2014	Guntakal	D.Udaykiran	M	IND	IND	356	464250
2014	Guntakal	Talari Parusuramudu	M	JASPA	JASPA	451	464250
2014	Guntakal	Gaddala Nagabhushanam	M	BSP	BSP	486	464250
2014	Guntakal	D.B.Radhakrishna Yadav	M	IND	IND	668	464250
2014	Guntakal	Thammineni Pushpa Latha	F	STR	STR	690	464250
2014	Guntakal	None Of The Above		NOTA	NOTA	717	464250
2014	Guntakal	Yeruru Mahaboob Basha	M	AIMIM	AIMIM	741	464250
2014	Guntakal	M. Ramanjaneyulu	M	IND	IND	1106	464250
2014	Guntakal	S.Rammohan	M	LSP	LSP	1302	464250
2014	Guntakal	K. Prabhakar	M	INC	INC	2251	464250
2014	Guntakal	Boyagadda Venkatramaiah	M	BJP	BJP	3865	464250
2014	Guntakal	Y. Venkata Rami Reddy	M	YSRCP	YSRCP	76561	464250
2014	Guntakal	R. Jithendra Goud	M	TDP	TDP	81655	464250
1978	Rayadurg	Chandragiri Motappa	M	Independent	IND	1499	98618
1978	Rayadurg	Obanaik	M	Indian National Congress	INC	8277	98618
1978	Rayadurg	Uddihal Motappa	M	Janata Party	JNP	26363	98618
1978	Rayadurg	K.B.Chennamllappa	M	Indian National Congress (I)	INC(I)	31591	98618
1983	Rayadurg	Sugali Megya Naik	M	Independents	IND	129	106986
1983	Rayadurg	Motappa	M	Independents	IND	659	106986
1983	Rayadurg	B. Thippaiah	M	Independents	IND	666	106986
1983	Rayadurg	Ulikantappa	M	Indian National Congress	INC	21141	106986
1983	Rayadurg	Kata Govindappa	M	Independents	IND	22822	106986
1983	Rayadurg	P. Venngopal Reddy	M	Independents	IND	26203	106986
1985	Rayadurg	U. Lingareddy	M	Janta Party	JNP	34588	116102
1985	Rayadurg	Huli Kuntaprao	M	Indian National Congress	INC	41777	116102
1994	Rayadurg	J. Kairunnisa	F	Independent	IND	22	150237
1994	Rayadurg	Kristappa	M	Independent	IND	77	150237
1994	Rayadurg	Muddu Krishna	M	Independent	IND	188	150237
1994	Rayadurg	Nayakula Narasimhulu	M	Independent	IND	262	150237
1994	Rayadurg	Nayakula Anjineyulu	M	Independent	IND	355	150237
1994	Rayadurg	Khuddus	M	Independent	IND	3255	150237
1994	Rayadurg	Patil Venugopal Reddy	M	Indian National Congress	INC	41983	150237
1994	Rayadurg	Bandi Hulikuntappa	M	Telugu Desam	TDP	62716	150237
1999	Rayadurg	Ramanjaneyulu	M	Independent	IND	524	165763
1999	Rayadurg	Satish Kumar	M	Pyramid Party Of India	PPOI	592	165763
1999	Rayadurg	Srinivasa Gupta	M	Anna Telugu Desam Party	ATDP	805	165763
1999	Rayadurg	Nagaraju	M	Independent	IND	1043	165763
1999	Rayadurg	Pujari Jitendrappa	M	Telugu Desam	TDP	49851	165763
1999	Rayadurg	Patil Venugopal Reddy	M	Indian National Congress	INC	59086	165763
2004	Rayadurg	Munnemm Somanath	M	Independent	IND	2184	174956
2004	Rayadurg	R.Manjunatha	M	Independent	IND	2832	174956
2004	Rayadurg	Patil Venugopal Reddy	M	Indian National Congress	INC	56083	174956
2004	Rayadurg	Mettu Govinda Reddy	M	Telugu Desam	TDP	66188	174956
1989	Rayadurg	Motappa	M	Independents	IND	409	139382
1989	Rayadurg	Megya Naik	M	Independents	IND	555	139382
1989	Rayadurg	Khasim Sab	M	Independents	IND	858	139382
1989	Rayadurg	Kata Govindappa	M	Telugu Desam	TDP	41000	139382
1989	Rayadurg	Patil Venugopal Reddy	M	Indian National Congress	INC	47550	139382
2009	Rayadurg	C Nagaraju	M	PPOI	PPOI	776	198167
2009	Rayadurg	P Mohan	M	BHSASP	BHSASP	885	198167
2009	Rayadurg	Andra Prasad	M	LSP	LSP	1072	198167
2009	Rayadurg	Govinda Reddy	M	IND	IND	2164	198167
2009	Rayadurg	Palegaru Thippe Swamy	M	BJP	BJP	2860	198167
2009	Rayadurg	Bosula Manohar	M	PRAP	PRAP	9670	198167
2009	Rayadurg	Mettu Govinda Reddy	M	TDP	TDP	62168	198167
2009	Rayadurg	Kapu Ramachandra Reddy	M	INC	INC	76259	198167
2014	Rayadurg	U Ramachandra Reddy	M	IND	IND	366	451720
2014	Rayadurg	Amireddy Venkata Reddy	M	IND	IND	395	451720
2014	Rayadurg	K. Srinivasulu	M	IND	IND	397	451720
2014	Rayadurg	D. Shivakumar	M	PPOI	PPOI	449	451720
2014	Rayadurg	N. Srinivasulu	M	IND	IND	495	451720
2014	Rayadurg	B Venkata Ramana (Babu)	M	LSP	LSP	649	451720
2014	Rayadurg	Virupa Srinivasulu	M	IND	IND	767	451720
2014	Rayadurg	D. Yerriswamy Reddy	M	RPS	RPS	947	451720
2014	Rayadurg	None Of The Above		NOTA	NOTA	1288	451720
2014	Rayadurg	S. Mallikarjuna	M	BCUF	BCUF	1400	451720
2014	Rayadurg	Vadde M. B. Chinnappayya	M	INC	INC	2737	451720
2014	Rayadurg	Kapu Ramachandra Reddy	M	YSRCP	YSRCP	90517	451720
2014	Rayadurg	Kalava Srinivasulu	M	TDP	TDP	92344	451720
1989	Kalyandurg	B. Parusuramaiah	M	Independents	IND	749	148447
1989	Kalyandurg	Sanjeevaiah V.	M	Communist Party Of India	CPI	43706	148447
1989	Kalyandurg	Lakshmi Devi M.	F	Indian National Congress	INC	48448	148447
2009	Kalyandurg	Y G K Venkatesulu	M	PPOI	PPOI	532	177742
2009	Kalyandurg	B Venkata Narayana	M	BSP	BSP	616	177742
2009	Kalyandurg	R G Santha Kumari	F	LSP	LSP	642	177742
2009	Kalyandurg	M Narayana	M	IND	IND	914	177742
2009	Kalyandurg	Balaram Sake	M	BJP	BJP	1415	177742
2009	Kalyandurg	Market Ramanna	M	PRAP	PRAP	7342	177742
2009	Kalyandurg	Vunnam Hanumantharaya Chowdary	M	TDP	TDP	65226	177742
2009	Kalyandurg	Neelakantapuram Raghuveera Reddy	M	INC	INC	69614	177742
2014	Kalyandurg	Dasari Chandrasekhara	M	IND	IND	523	391304
2014	Kalyandurg	Sugepalli Ravi Kumar	M	JASPA	JASPA	751	391304
2014	Kalyandurg	None Of The Above		NOTA	NOTA	880	391304
2014	Kalyandurg	P.Pakruddin	M	PPOI	PPOI	1318	391304
2014	Kalyandurg	K.Ramakrishnayya	M	BSP	BSP	1395	391304
2014	Kalyandurg	M.D.Sanjeevappa	M	CPI	CPI	1541	391304
2014	Kalyandurg	Boya Thippe Swamy	M	YSRCP	YSRCP	69662	391304
2014	Kalyandurg	Vunnam Hanumantharaya Chowdary	M	TDP	TDP	91981	391304
1978	Kalyandurg	C.Obaiah	M	Independent	IND	1305	104599
1978	Kalyandurg	Lakshmi Devi M.	F	Indian National Congress	INC	17801	104599
1978	Kalyandurg	S.Viswandam	M	Indian National Congress (I)	INC(I)	19937	104599
1978	Kalyandurg	Hindi Narasappa	M	Janata Party	JNP	23364	104599
1983	Kalyandurg	Chowdappa	M	Independents	IND	600	111571
1983	Kalyandurg	B. T. Pakkirappa	M	Communist Party Of India	CPI	8179	111571
1983	Kalyandurg	Vishwanatham	M	Indian National Congress	INC	19989	111571
1983	Kalyandurg	T. C. Mareppa	M	Independents	IND	41768	111571
1985	Kalyandurg	Lakshmidevi	F	Indian National Congress	INC	24469	117910
1985	Kalyandurg	B. T. Pakkirappa	M	Communist Party Of India	CPI	49489	117910
1994	Kalyandurg	Boddappa	M	Independent	IND	51	166213
1994	Kalyandurg	Ramaswamy	M	Independent	IND	112	166213
1994	Kalyandurg	Kollappa	M	Independent	IND	209	166213
1994	Kalyandurg	Ramaiah	M	Independent	IND	262	166213
1994	Kalyandurg	M. Adeppa	M	Independent	IND	296	166213
1994	Kalyandurg	Chinna Durgappa	M	Independent	IND	375	166213
1994	Kalyandurg	Jenne Anjineyulu	M	Bahujan Samaj Party	BSP	836	166213
1994	Kalyandurg	Balaram	M	BJP	BJP	1101	166213
1994	Kalyandurg	M. Lakshmidevi	F	Indian National Congress	INC	28983	166213
1994	Kalyandurg	B.C. Govindappa	M	Telugu Desam	TDP	85061	166213
1999	Kalyandurg	A. Kullayappa	M	Independent	IND	108	183840
1999	Kalyandurg	B. Govindappa	M	Independent	IND	181	183840
1999	Kalyandurg	S. Yenjarappa	M	Independent	IND	256	183840
1999	Kalyandurg	H. Thimmappa	M	Independent	IND	282	183840
1999	Kalyandurg	M. Ananthamma	F	Independent	IND	334	183840
1999	Kalyandurg	M. Yerriswamy	M	Independent	IND	353	183840
1999	Kalyandurg	M. Krishnaiah	M	Pyramid Party Of India	PPOI	429	183840
1999	Kalyandurg	P. Vannurappa	M	Independent	IND	534	183840
1999	Kalyandurg	B. Sudharshan	M	Bahujan Republican Party	BJRP	1369	183840
1999	Kalyandurg	H. Nagaraju	M	Anna Telugu Desam Party	ATDP	6919	183840
1999	Kalyandurg	K.B. Shanthi Shivaji	M	Indian National Congress	INC	44931	183840
1999	Kalyandurg	A. Saradamba	F	Telugu Desam	TDP	67813	183840
2004	Kalyandurg	R.Gangaraju	M	Independent	IND	641	196478
2004	Kalyandurg	H.Vannurappa	M	Independent	IND	790	196478
2004	Kalyandurg	M.Suresh Babu	M	Independent	IND	1341	196478
2004	Kalyandurg	A. Kullayappa	M	Independent	IND	1467	196478
2004	Kalyandurg	Sugepalli Umadevi	F	Indian National Congress	INC	66711	196478
2004	Kalyandurg	B.C. Govindappa	M	Telugu Desam	TDP	76363	196478
1978	Singanamala	Asavadi Jagajjeevan	M	Independent	IND	1434	88391
1978	Singanamala	N. Sivasankar	M	Indian National Congress	INC	2016	88391
1978	Singanamala	Katappagari Ananda Rao	M	Indian National Congress (I)	INC(I)	16758	88391
1978	Singanamala	B. Rukmani Devi	F	Janata Party	JNP	20385	88391
1983	Singanamala	Pujari Varadarajulu	M	Janta Party	JNP	786	93726
1983	Singanamala	K. Ananda Rao	M	Indian National Congress	INC	19318	93726
1983	Singanamala	P. Gurumurthy	M	Independents	IND	38221	93726
1985	Singanamala	Asadi Naganhushanam	M	Independent	IND	131	103324
1985	Singanamala	Mallepula Yerriswamy	M	Independent	IND	374	103324
1985	Singanamala	Kailasam Ananda Rao	M	Independent	IND	1429	103324
1985	Singanamala	P. Samanthakamani	F	Indian National Congress	INC	19990	103324
1985	Singanamala	K. Jayaram	M	Telugu Desam	TDP	34202	103324
1989	Singanamala	Meesala Pedda Narayana Alias Abbenna	M	Independents	IND	100	131231
1989	Singanamala	Mantrigari Chinna Nallappa	M	Independents	IND	188	131231
1989	Singanamala	Harijana Dasari Subbaiah	M	Independents	IND	205	131231
1989	Singanamala	Peddapuri Ramiah	M	Independents	IND	459	131231
1989	Singanamala	Juturu Yernagappa	M	Independents	IND	471	131231
1989	Singanamala	J. Channappa	M	Independents	IND	515	131231
1989	Singanamala	Nukathati Muneppa	M	Independents	IND	650	131231
1989	Singanamala	B.C. Govindappa	M	Telugu Desam	TDP	35698	131231
1989	Singanamala	P. Samanthakamani	F	Indian National Congress	INC	42777	131231
1994	Singanamala	Ramanjaneyulu	M	Independent	IND	518	141294
1994	Singanamala	Bandi Nallappa	M	Bahujan Samaj Party	BSP	753	141294
1994	Singanamala	Mendava Ramaiah	M	Independent	IND	1064	141294
1994	Singanamala	Pratap Sagar	M	BJP	BJP	1175	141294
1994	Singanamala	N. Muneppa	M	Independent	IND	1211	141294
1994	Singanamala	P. Samanthakamani	F	Indian National Congress	INC	18337	141294
1994	Singanamala	K. Jayaram	M	Telugu Desam	TDP	65535	141294
1999	Singanamala	N. Muneppa	M	Independent	IND	274	155039
1999	Singanamala	Tarimela Nallappa	M	Marxist Communist Party Of India (S.S.Srivastava)	MCPI(S)	557	155039
1999	Singanamala	O.Nallappa	M	Communist Party Of India (Marxist)	CPM	2652	155039
1999	Singanamala	S. Sairam	M	Indian National Congress	INC	43020	155039
1999	Singanamala	K. Jayaram	M	Telugu Desam	TDP	47310	155039
2004	Singanamala	Nadimidoddi Peddaiah	M	Independent	IND	760	160557
2004	Singanamala	Gangadhar	M	Independent	IND	1093	160557
2004	Singanamala	Mundlapati Ramanamma	F	Independent	IND	1095	160557
2004	Singanamala	Muchukota Anand Kumar	M	Bahujan Samaj Party	BSP	3036	160557
2004	Singanamala	Pamidi Samanthaka Mani	F	Telugu Desam	TDP	51443	160557
2004	Singanamala	Sake Sailajanath	M	Indian National Congress	INC	60029	160557
2009	Singanamala	Ramamurthy Dasari	M	CPI(ML)(L)	CPI(ML)(L)	294	197716
2009	Singanamala	P Peddanna	M	PP	PP	348	197716
2009	Singanamala	M Obulapathi	M	IND	IND	496	197716
2009	Singanamala	M Chandrappa	M	IND	IND	556	197716
2009	Singanamala	A Naga Nallaiah	M	IND	IND	609	197716
2009	Singanamala	Kullayappa Midde	M	IND	IND	720	197716
2009	Singanamala	Mudigubba Lakshmanna	M	IND	IND	1094	197716
2009	Singanamala	Y K Viswanath	M	TPPP	TPPP	1200	197716
2009	Singanamala	Harijana Chandrasekhar	M	BSP	BSP	1664	197716
2009	Singanamala	Mallichetty Peddanna	M	BJP	BJP	2247	197716
2009	Singanamala	Jayaram Kothapalli	M	PRAP	PRAP	12689	197716
2009	Singanamala	Pamidi Samanthaka Mani	F	TDP	TDP	62191	197716
2009	Singanamala	Sake Sailajanath	M	INC	INC	65367	197716
2014	Singanamala	Y. Rajagopal	M	RPS	RPS	112	422578
2014	Singanamala	P.N. Vara Prasad	M	AIMIM	AIMIM	147	422578
2014	Singanamala	Bandaru. Chandrasekhar	M	IND	IND	168	422578
2014	Singanamala	M. Raghu Ramanjineyulu	M	IND	IND	172	422578
2014	Singanamala	K. Obulesu	M	IND	IND	190	422578
2014	Singanamala	C. Vinod	M	IND	IND	266	422578
2014	Singanamala	Y.K. Viswanath	M	MASP	MASP	307	422578
2014	Singanamala	M. Venkata Krishnaiah	M	IND	IND	309	422578
2014	Singanamala	K. Silas	M	IND	IND	495	422578
2014	Singanamala	Bandaru Ramanjineyulu	M	JASPA	JASPA	683	422578
2014	Singanamala	None Of The Above		NOTA	NOTA	710	422578
2014	Singanamala	Kondamallela Nagendra	M	LSP	LSP	1016	422578
2014	Singanamala	Singanamala. Parandama	M	BSP	BSP	1598	422578
2014	Singanamala	Sake Sailajanath	M	INC	INC	2176	422578
2014	Singanamala	Jonnalagadda Padmavathy	F	YSRCP	YSRCP	82095	422578
2014	Singanamala	B. Yamini Bala	F	TDP	TDP	86679	422578
1978	Uravakonda	Mruthyunjaya Rao Karnam	M	Independent	IND	2881	93793
1978	Uravakonda	Bukkitla Basappa	M	Independent	IND	4838	93793
1978	Uravakonda	Sanda Nayayanappa	M	Janata Party	JNP	6953	93793
1978	Uravakonda	P.Venkata Narayana	M	Indian National Congress	INC	14357	93793
1978	Uravakonda	R.Vemanna	M	Indian National Congress (I)	INC(I)	34344	93793
1983	Uravakonda	Rayala Vemanna	M	Indian National Congress	INC	26748	98861
1983	Uravakonda	Y. Bheema Reddy	M	Independents	IND	41826	98861
1985	Uravakonda	Nallapareddy Ramanareddy	M	Independent	IND	395	109928
1985	Uravakonda	A. Buden Sab	M	Independent	IND	744	109928
1985	Uravakonda	V. Gopi Nath	M	Indian National Congress	INC	29014	109928
1985	Uravakonda	Gurram Narayanappa	M	Telugu Desam	TDP	38390	109928
1989	Uravakonda	Penabadi Varada Raju	M	Independents	IND	692	133752
1989	Uravakonda	Gurram Narayanappa	M	Telugu Desam	TDP	35723	133752
1989	Uravakonda	V. Gopi Nath	M	Indian National Congress	INC	52365	133752
1994	Uravakonda	Sat Prasad	M	Independent	IND	74	138202
1994	Uravakonda	Bheemalingaiah	M	Independent	IND	163	138202
1994	Uravakonda	A. Ramamohan	M	Independent	IND	267	138202
1994	Uravakonda	V. Ramanjaneyulu	M	Independent	IND	277	138202
1994	Uravakonda	Kothapalli Yerriswamy	M	Independent	IND	391	138202
1994	Uravakonda	K. Laleppa	M	BJP	BJP	719	138202
1994	Uravakonda	Pullaiah	M	Indian National Congress	INC	9528	138202
1994	Uravakonda	Y. Sivarami Reddy	M	Independent	IND	32615	138202
1994	Uravakonda	Kesanna	M	Telugu Desam	TDP	50306	138202
1999	Uravakonda	Yellareddygari Venkatarama Reddy	M	Independent	IND	114	154310
1999	Uravakonda	Pottipadu Ravindra Reddy	M	Independent	IND	198	154310
1999	Uravakonda	Nettyam Siva Kumar	M	Independent	IND	343	154310
1999	Uravakonda	Smt. Gaduputi Leelavathi	F	Pyramid Party Of India	PPOI	421	154310
1999	Uravakonda	Singamaneni Sreeramulu	M	Independent	IND	441	154310
1999	Uravakonda	Gonuguntla Sreenivasulu	M	Anna Telugu Desam Party	ATDP	489	154310
1999	Uravakonda	Payyavula Keshav	M	Telugu Desam	TDP	45562	154310
1999	Uravakonda	Yellareddy Gari Sivarama Reddy	M	Indian National Congress	INC	54063	154310
2004	Uravakonda	Vankalapathi Mohan	M	Independent	IND	404	151992
2004	Uravakonda	Yallareddigari Madhusudana Reddy	M	Independent	IND	406	151992
2004	Uravakonda	V.Parandama Chowdary	M	Independent	IND	477	151992
2004	Uravakonda	K.B.Chakradhari	M	Independent	IND	559	151992
2004	Uravakonda	S.Vijaya Baskar	M	Independent	IND	809	151992
2004	Uravakonda	G.Venkatesu	M	Pyramid Party Of India	PPOI	1696	151992
2004	Uravakonda	Y Visweswara Reddy	M	Communist Party Of India (Marxist-Leninist) (Liberation)	CPI(ML)(L)	47501	151992
2004	Uravakonda	Payyavula Keshav	M	Telugu Desam	TDP	55756	151992
2009	Uravakonda	Devineni Prakash	M	IND	IND	202	187323
2009	Uravakonda	K. Ramireddy	M	IND	IND	223	187323
2009	Uravakonda	Bandari Sunkanna	M	IND	IND	226	187323
2009	Uravakonda	D. Shivakumar	M	PPOI	PPOI	295	187323
2009	Uravakonda	H. Lakshmanna	M	TPPP	TPPP	300	187323
2009	Uravakonda	Vadde Narayanaswamy	M	IND	IND	477	187323
2009	Uravakonda	Vasikeri Shiva Prasad	M	IND	IND	838	187323
2009	Uravakonda	K.B. Sreenivasulu	M	IND	IND	1175	187323
2009	Uravakonda	Mendla Prabhakar	M	BSP	BSP	1692	187323
2009	Uravakonda	Gurram.Chennakeshava Rao	M	PRAP	PRAP	8255	187323
2009	Uravakonda	Y Visweswara Reddy	M	INC	INC	64499	187323
2009	Uravakonda	Payyavula Keshav	M	TDP	TDP	64728	187323
2014	Uravakonda	M. Jaya Praksh Naidu	M	IND	IND	152	386998
2014	Uravakonda	Molaka Bala Ramanjineyulu	M	IND	IND	202	386998
2014	Uravakonda	G. Sudhakar Reddy	M	IND	IND	232	386998
2014	Uravakonda	C.Somasekhar Reddy	M	IND	IND	235	386998
2014	Uravakonda	Nara Narapa Reddy	M	RPS	RPS	273	386998
2014	Uravakonda	B. Ravi Sankar	M	PPOI	PPOI	442	386998
2014	Uravakonda	Kuruba Laleppa	M	IND	IND	484	386998
2014	Uravakonda	None Of The Above		NOTA	NOTA	894	386998
2014	Uravakonda	Mendla Prabhakar	M	BSP	BSP	1052	386998
2014	Uravakonda	K. Ramanjineyulu	M	JASPA	JASPA	1105	386998
2014	Uravakonda	Vasikeri Shiva Prasad	M	INC	INC	1185	386998
2014	Uravakonda	Payyavula Keshav	M	TDP	TDP	78767	386998
2014	Uravakonda	Y Visweswara Reddy	M	YSRCP	YSRCP	81042	386998
1978	Tadipatri	Yatham Narayana	M	Independent	IND	355	101138
1978	Tadipatri	Vellaboyana Bhima Rao	M	Independent	IND	537	101138
1978	Tadipatri	Peddanna	M	Independent	IND	1413	101138
1978	Tadipatri	V.K. Obi Reddi	M	Indian National Congress	INC	15872	101138
1978	Tadipatri	Munchala Kesava Reddy	M	Janata Party	JNP	23280	101138
1978	Tadipatri	Diddekunta Venkata Reddy	M	Indian National Congress (I)	INC(I)	28793	101138
1983	Tadipatri	Nazeer Ahmed Veerapuram	M	Independents	IND	362	115414
1983	Tadipatri	V. K. Venkata Rami Reddy	M	Communist Party Of India	CPI	7529	115414
1983	Tadipatri	V. K. Obireddy	M	Indian National Congress	INC	18446	115414
1983	Tadipatri	J.C. Diwakar Reddy	M	Independents	IND	20300	115414
1983	Tadipatri	Mutyala Kesava Reddy	M	Independents	IND	31416	115414
1985	Tadipatri	Kanakampedda Ganganna	M	Independent	IND	33	125007
1985	Tadipatri	Jalagadu Gulakshmi Devi	F	Independent	IND	255	125007
1985	Tadipatri	Yathamnarayana Reddy	M	Independent	IND	331	125007
1985	Tadipatri	D. Ramamurthy	M	Independent	IND	1427	125007
1985	Tadipatri	Ramachandra Reddy Bhunireddygari	M	Telugu Desam	TDP	38263	125007
1985	Tadipatri	J.C. Diwakar Reddy	M	Indian National Congress	INC	49747	125007
1989	Tadipatri	Pedda Bayarava Reddy	M	Independents	IND	79	157732
1989	Tadipatri	Yannapusa Bhagyalakshmi	M	Independents	IND	103	157732
1989	Tadipatri	Thirupalu Reddy	M	Independents	IND	339	157732
1989	Tadipatri	Ghosuse Mohiddin	M	All India Majlis-E Ithehad-Ul Muslimeen	MIM	1024	157732
1989	Tadipatri	P. Nagi Reddy	M	Telugu Desam	TDP	52335	157732
1989	Tadipatri	J.C. Diwakar Reddy	M	Indian National Congress	INC	53554	157732
1994	Tadipatri	Sambasiva Reddy	M	Independent	IND	40	171442
1994	Tadipatri	Satyanarayana Reddy	M	Independent	IND	53	171442
1994	Tadipatri	Venkata Ranga Reddy	M	Independent	IND	77	171442
1994	Tadipatri	Konkari Balanna	M	Independent	IND	95	171442
1994	Tadipatri	K. Nallappa	M	Independent	IND	306	171442
1994	Tadipatri	Rajasekhara Reddy	M	Independent	IND	443	171442
1994	Tadipatri	Ravi Laxmi Devi	F	BJP	BJP	655	171442
1994	Tadipatri	Peram Nagi Reddy	M	Telugu Desam	TDP	47813	171442
1994	Tadipatri	J.C. Diwakar Reddy	M	Indian National Congress	INC	70693	171442
1999	Tadipatri	T. Maheswara Reddy	M	Independent	IND	89	174251
1999	Tadipatri	Ambati Siva Sankar Reddy	M	Independent	IND	151	174251
1999	Tadipatri	J.C. Raja Sekhar Reddy	M	Independent	IND	164	174251
1999	Tadipatri	Vennapusa Rami Reddy	M	Independent	IND	193	174251
1999	Tadipatri	Prabhakar Reddy	M	Independent	IND	215	174251
1999	Tadipatri	Maramreddy Ranganatha Reddy	M	Pyramid Party Of India	PPOI	437	174251
1999	Tadipatri	Lingutla Rajendra Prasad	M	Anna Telugu Desam Party	ATDP	758	174251
1999	Tadipatri	Peram Nagi Reddy	M	Telugu Desam	TDP	47466	174251
1999	Tadipatri	J.C. Diwakar Reddy	M	Indian National Congress	INC	51509	174251
2004	Tadipatri	V.Muraliprasad Reddy	M	Independent	IND	171	194798
2004	Tadipatri	M.Ramanjula Reddy	M	Independent	IND	187	194798
2004	Tadipatri	B.C.Ramakrishna Reddy	M	Independent	IND	202	194798
2004	Tadipatri	O.Chinna Obula Reddy	M	Independent	IND	307	194798
2004	Tadipatri	K..Sivarami Reddy	M	Independent	IND	330	194798
2004	Tadipatri	J.C. Prabhakar Reddy	M	Independent	IND	347	194798
2004	Tadipatri	P.Vasudeva Reddy	M	Independent	IND	351	194798
2004	Tadipatri	Y.Surya Prabhakara Reddy	M	Independent	IND	663	194798
2004	Tadipatri	Maramreddy Ranganatha Reddy	M	Pyramid Party Of India	PPOI	1906	194798
2004	Tadipatri	Kethireddy Suryaprathapa Reddy	M	Telugu Desam	TDP	58318	194798
2004	Tadipatri	J.C. Diwakar Reddy	M	Indian National Congress	INC	66195	194798
2009	Tadipatri	Chinta Purushotam	M	IND	IND	202	202829
2009	Tadipatri	Tanguturi Jagannatha Reddy	M	IND	IND	225	202829
2009	Tadipatri	Golla Subramanyam	M	IND	IND	274	202829
2009	Tadipatri	K Pulikonda	M	IND	IND	440	202829
2009	Tadipatri	J.C. Prabhakar 	M	IND	IND	471	202829
2009	Tadipatri	Pyla Rayudu	M	IND	IND	500	202829
2009	Tadipatri	P Prathap Yadav	M	IND	IND	502	202829
2009	Tadipatri	Bhanu Praksh Reddy	M	IND	IND	537	202829
2009	Tadipatri	Ogety Sree Devi	F	LSP	LSP	922	202829
2009	Tadipatri	R Venkata Ramana	M	IND	IND	1204	202829
2009	Tadipatri	P V Prathap Reddy	M	BJP	BJP	1641	202829
2009	Tadipatri	C Kesava Reddy	M	BSP	BSP	3855	202829
2009	Tadipatri	Pyla Narasimhaiah	M	PRAP	PRAP	19718	202829
2009	Tadipatri	Peram Nagi Reddy	M	TDP	TDP	56403	202829
2009	Tadipatri	J.C. Diwakar Reddy	M	INC	INC	63358	202829
2014	Tadipatri	K.Narasimha Reddy	M	IND	IND	133	451302
2014	Tadipatri	M.Lali Bhaskar Reddy	M	IND	IND	238	451302
2014	Tadipatri	G.Chandra Sekhar	M	IND	IND	241	451302
2014	Tadipatri	Bandi Sunil Kumar	M	IND	IND	289	451302
2014	Tadipatri	Vignesh. R	M	IND	IND	495	451302
2014	Tadipatri	P.Gopal Reddy	M	IND	IND	615	451302
2014	Tadipatri	P. Neelakanta Achari	M	BSP	BSP	929	451302
2014	Tadipatri	None Of The Above		NOTA	NOTA	1213	451302
2014	Tadipatri	Cherukuri Venkataramana,	M	JASPA	JASPA	1374	451302
2014	Tadipatri	Ambati Viswantha Reddy	M	INC	INC	1411	451302
2014	Tadipatri	T.Kuladeep Chowdary	M	STR	STR	1688	451302
2014	Tadipatri	V.R.Rami Reddy	M	YSRCP	YSRCP	74568	451302
2014	Tadipatri	J.C. Prabhakar Reddy	M	TDP	TDP	96740	451302
1978	Guntakal	S.Khaja Hussain	M	Independent	IND	447	85924
1978	Guntakal	Veera Reddy Z.	M	Communist Party Of India	CPI	11595	85924
1978	Guntakal	Jaffar Sab	M	Janata Party	JNP	18944	85924
1978	Guntakal	K.Venkataramaiah	M	Indian National Congress (I)	INC(I)	24185	85924
1983	Guntakal	Nagappa K.	M	Independents	IND	370	99595
1983	Guntakal	Shaik G. C. Hussain Peeran	M	Independents	IND	991	99595
1983	Guntakal	V. K. Adinarayana Reddy	M	Communist Party Of India	CPI	5418	99595
1983	Guntakal	K. Venkataramaiah	M	Indian National Congress	INC	13806	99595
1983	Guntakal	Pathi Rajagopalu	M	Independents	IND	40358	99595
1985	Guntakal	Mohammed Usman	M	Independent	IND	103	105476
1985	Guntakal	Mallikarjuna	M	Independent	IND	171	105476
1985	Guntakal	B. Lakshmireddy	M	Independent	IND	309	105476
1985	Guntakal	Jagadeesh	M	Indian National Congress	INC	27623	105476
1985	Guntakal	N. Gadilingappa	M	Telugu Desam	TDP	35090	105476
1989	Guntakal	G. Damodar	M	Independents	IND	724	128468
1989	Guntakal	Sainath Gowd	M	Telugu Desam	TDP	40171	128468
1989	Guntakal	Arikeri Jagadeesh	M	Indian National Congress	INC	41784	128468
1994	Guntakal	P.S. Nizamuddin	M	Independent	IND	28	138192
1994	Guntakal	Hanumanthu	M	Independent	IND	64	138192
1994	Guntakal	Chinnakalappa	M	Independent	IND	72	138192
1994	Guntakal	S. Fakruddin	M	Independent	IND	78	138192
1994	Guntakal	Sirisala Vijayakumar	M	Independent	IND	110	138192
1994	Guntakal	Abdul Rajak Mia	M	Bahujan Samaj Party	BSP	231	138192
1994	Guntakal	Illuru Shankaraiah Gupta	M	Independent	IND	246	138192
1994	Guntakal	D. Ravindranath Reddy	M	Bharatiya Janata Party	BJP	1635	138192
1994	Guntakal	Arikera Jagadeesh	M	Indian National Congress	INC	15391	138192
1994	Guntakal	Sainath Gowd	M	Independent	IND	30447	138192
1994	Guntakal	Gadhi Lingappa	M	Telugu Desam	TDP	41275	138192
1999	Guntakal	B. Sanjappa	M	Independent	IND	35	159964
1999	Guntakal	B. Ramanjaneyulu	M	Independent	IND	42	159964
1999	Guntakal	Mallela Laxmanna	M	Independent	IND	112	159964
1999	Guntakal	Besta Narayanaswamy	M	Ntr Telugu Desam Party (Lakshmi Parvathi)	NTRTDP(LP)	130	159964
1999	Guntakal	M. Venkoji Rao	M	Pyramid Party Of India	PPOI	286	159964
1999	Guntakal	D. Jagadeesh	M	Communist Party Of India	CPI	6048	159964
1999	Guntakal	Gadi Lingappa	M	Indian National Congress	INC	24946	159964
1999	Guntakal	R. Sainath Gowd	M	Telugu Desam	TDP	59410	159964
2004	Guntakal	M. Feroz Alikhan	M	Independent	IND	291	155852
2004	Guntakal	Thammineni Chowdary Naidu	M	Independent	IND	311	155852
2004	Guntakal	Thammineni Konaiah	M	Independent	IND	730	155852
2004	Guntakal	B. Venkoba Rao	M	Independent	IND	782	155852
2004	Guntakal	K.C. Narayana	M	Telugu Desam	TDP	44183	155852
2004	Guntakal	Neelavathi. N	F	Indian National Congress	INC	52895	155852
