year,name,cname,abr,votes,tot
1977,Anantapur,Devineni Narayanaswamy,BLD,173071,640440
1977,Anantapur,Darur Pullaiah,INC,215279,640440
1980,Anantapur,Yatam Narayana Reddy,IND,1674,714608
1980,Anantapur,N. Rajasekhara Reddy,CPI,76649,714608
1980,Anantapur,Devineni Narayanaswamy,JNP,98561,714608
1980,Anantapur,Darur Pullaiah,INC(I),171838,714608
1984,Anantapur,Adavula Narayana,IND,306,798271
1984,Anantapur,S.Chinnappa Setty,IND,474,798271
1984,Anantapur,Yatam Narayana Reddy,IND,643,798271
1984,Anantapur,Bagalokota Rama Rao,IND,654,798271
1984,Anantapur,M.Usman,IND,802,798271
1984,Anantapur,Motappa,IND,1069,798271
1984,Anantapur,Lakshmi Narayana,IND,1192,798271
1984,Anantapur,C.Venkatachalapathi,IND,1486,798271
1984,Anantapur,M.Swami Rao,IND,1575,798271
1984,Anantapur,Juturu Chennappa,IND,1771,798271
1984,Anantapur,Rentala Sudhakara Gupta,IND,5266,798271
1984,Anantapur,Darur Pullaiah,INC,193658,798271
1984,Anantapur,Devineni Narayanaswamy,TDP,302307,798271
1989,Anantapur,Bagalokota Rama Rao,IND,3003,1013902
1989,Anantapur,P.J. Dhanaraj,BSP,6484,1013902
1989,Anantapur,G. Ramanna Chowdary,TDP,290203,1013902
1989,Anantapur,Anantha Venkata Rami Reddy,INC,349685,1013902
1991,Anantapur,Bagalakota Rama Rao,IND,789,1016053
1991,Anantapur,Pujari Narayana,IND,878,1016053
1991,Anantapur,Adavula Narayana,IND,959,1016053
1991,Anantapur,Motappa,IND,1933,1016053
1991,Anantapur,K. Narayanaswamy,JP,3237,1016053
1991,Anantapur,Gurugu Venkatadasu,IND,3667,1016053
1991,Anantapur,Venkataswamy Muthuluru,BJP,38767,1016053
1991,Anantapur,B.T.L.N. Chowary,TDP,200392,1016053
1991,Anantapur,Anantha Venkata Rami Reddy,INC,362676,1016053
1996,Anantapur,G.C.Ravindra Nath,IND,338,1214517
1996,Anantapur,M.Osman,IND,505,1214517
1996,Anantapur,S.Surendra Prasad,IND,764,1214517
1996,Anantapur,S Khaja Hussain,IND,821,1214517
1996,Anantapur,Boya Bhaskar,IND,825,1214517
1996,Anantapur,G.Jaganmohan Reddy,IND,845,1214517
1996,Anantapur,Rachamadugu Subramanyam,IND,874,1214517
1996,Anantapur,Bokkasam Ramamohan,IND,910,1214517
1996,Anantapur,J.C.Salaiah,IND,974,1214517
1996,Anantapur,Bagalakota Rama Rao,IND,1131,1214517
1996,Anantapur,R.Madhusudhana Rao,IND,1296,1214517
1996,Anantapur,Vaikuntam Prasadu Naidu,IND,1366,1214517
1996,Anantapur,M.Prabhakar,IND,1774,1214517
1996,Anantapur,K.Krishna Reddy,IND,2303,1214517
1996,Anantapur,Chandragiri Motappa,IND,2391,1214517
1996,Anantapur,T Chandrayudu,IND,2403,1214517
1996,Anantapur,Pateel Ramalinga Reddy,IND,2629,1214517
1996,Anantapur,Nimmala Nehaji,IND,3943,1214517
1996,Anantapur,Nagaraju,IND,5426,1214517
1996,Anantapur,Veluri Kesava Chowdari,BJP,21802,1214517
1996,Anantapur,V Prabhakara Chowdary,NTRTDP(LP),94485,1214517
1996,Anantapur,R.Rangappa,CPI,205986,1214517
1996,Anantapur,Anantha Venkata Rami Reddy,INC,284845,1214517
1998,Anantapur,Bheemalingaiah,IND,673,1213025
1998,Anantapur,M.Venkataramudu,IND,1085,1213025
1998,Anantapur,Belagalla Ramesh Babu,IND,1430,1213025
1998,Anantapur,M.Adil Basha,IND,2662,1213025
1998,Anantapur,Bangi Sudarshan,IND,5516,1213025
1998,Anantapur,C. Peddanna,IND,9273,1213025
1998,Anantapur,Veluri Kesava Chowdari,BJP,93339,1213025
1998,Anantapur,K. Ramakrishna,CPI,238076,1213025
1998,Anantapur,Anantha Venkata Rami Reddy,INC,320474,1213025
1999,Anantapur,Bheemalingaiah,IND,890,1226314
1999,Anantapur,Y. Pothulaiah,IND,1251,1226314
1999,Anantapur,A. Ramachandra Chowdary,ATDP,14823,1226314
1999,Anantapur,Anantha Venkata Rami Reddy,INC,357386,1226314
1999,Anantapur,Kalava Srinivasulu,TDP,378488,1226314
2004,Anantapur,B. S. Amarnath,IND,3640,1280923
2004,Anantapur,A. Jagan Mohan Rao,TRS,4419,1280923
2004,Anantapur,K. Venkatesulu,PPOI,6232,1280923
2004,Anantapur,Yatham Pothalaiah,IND,7102,1280923
2004,Anantapur,Gaddala Nagabhushanam,BSP,9296,1280923
2004,Anantapur,Kalava Srinivasulu,TDP,385521,1280923
2004,Anantapur,Anantha Venkata Rami Reddy,INC,458925,1280923
2009,Anantapur,Krushnapuram Gayathri Devi,CPI(ML),2083,1411460
2009,Anantapur,G Hari,PPOI,3232,1411460
2009,Anantapur,T Chandra Sekhar,IND,3346,1411460
2009,Anantapur,Devella Murali,IND,4781,1411460
2009,Anantapur,Gaddala Nagabhushanam,BSP,5921,1411460
2009,Anantapur,Amarnath,LSP,6340,1411460
2009,Anantapur,K P Narayana Swamy,IND,8908,1411460
2009,Anantapur,J C Ramanjula Reddy,IND,9179,1411460
2009,Anantapur,Ambati Rama Krishna Reddy,BJP,16540,1411460
2009,Anantapur,Mansoor,PRAP,102047,1411460
2009,Anantapur,Kalava Srinivasulu,TDP,379955,1411460
2009,Anantapur,Anantha Venkata Rami Reddy,INC,457876,1411460
2014,Anantapur,G Lalitha,SUCI,952,1536894
2014,Anantapur,G. Nagaraju,IND,1095,1536894
2014,Anantapur,Buzireddy Venugopal Reddy,ICSP,1388,1536894
2014,Anantapur,B. Srinivasulu,IND,1599,1536894
2014,Anantapur,Pavan Kumar,PPOI,2076,1536894
2014,Anantapur,D. Somanath,IND,2274,1536894
2014,Anantapur,Boya Anil Kumar,JaSPa,2800,1536894
2014,Anantapur,Shaik. Mohammad Shafi.,IND,3031,1536894
2014,Anantapur,Kasani Nagaraju,BSP,6227,1536894
2014,Anantapur,T.Kuladeep Chowdary,STR,6542,1536894
2014,Anantapur,None Of The Above,NOTA,8857,1536894
2014,Anantapur,P. Anil Chowdary,INC,16719,1536894
2014,Anantapur,Anantha Venkataramireddy,YSRCP,548297,1536894
2014,Anantapur,J.C. Diwakar Reddy,TDP,610288,1536894
1978,Anantapur Urban,Anantha Venkata Rami Reddy,INC,9681,96591
1978,Anantapur Urban,Meda Subbaiah,JNP,24869,96591
1978,Anantapur Urban,B.T.L.N. Chowdary,INC(I),28204,96591
1983,Anantapur Urban,N. Srinivasa,IND,89,118791
1983,Anantapur Urban,Adavula Narayana,IND,112,118791
1983,Anantapur Urban,M. Ramachandra Rao,JNP,469,118791
1983,Anantapur Urban,P. Bugganna,BJP,3278,118791
1983,Anantapur Urban,B.T.L.N. Chowdary,INC,17791,118791
1983,Anantapur Urban,Devineni Narayanaswamy,IND,57255,118791
1985,Anantapur Urban,N. Veeranjaneyulu,IND,109,131428
1985,Anantapur Urban,Rentala Sudhakara Gupta,IND,386,131428
1985,Anantapur Urban,A. Narayana Reddy,INC,36294,131428
1985,Anantapur Urban,N. Ramakrishna,TDP,43715,131428
1989,Anantapur Urban,T. Sree Ramulu,IND,172,174807
1989,Anantapur Urban,M. Usman,DMM,329,174807
1989,Anantapur Urban,K. Guruswamy Yadav,BSP,413,174807
1989,Anantapur Urban,Kammuri Saifulla,TDP,41288,174807
1989,Anantapur Urban,Bodimalla Narayana Reddy,INC,63601,174807
1994,Anantapur Urban,R. Harinath Reddy,IND,47,200760
1994,Anantapur Urban,K.G. Surendranath Yadav,SP,122,200760
1994,Anantapur Urban,K. Gaffoor,IND,317,200760
1994,Anantapur Urban,Kakshmaiah,IND,427,200760
1994,Anantapur Urban,Veluri Kesava Chowdary,BJP,3906,200760
1994,Anantapur Urban,B. Narayana Reddy,INC,45930,200760
1994,Anantapur Urban,K. Ramakrishna,CPI,68294,200760
1999,Anantapur Urban,K. Prabhakara Rao,IND,179,233147
1999,Anantapur Urban,B. Narayana Reddy,IND,383,233147
1999,Anantapur Urban,K. Ramakrishna,CPI,6690,233147
1999,Anantapur Urban,V. Prabhakar Chowdary,TDP,56651,233147
1999,Anantapur Urban,B. Narayana Reddy,INC,60116,233147
2004,Anantapur Urban,Jonnakuti Ananta Venkata Reddy,IND,134,246290
2004,Anantapur Urban,G. Nagaraju,IND,149,246290
2004,Anantapur Urban,D. Govinda Reddy,IND,178,246290
2004,Anantapur Urban,Thimmapuram Udaya Kumar,BJRP,273,246290
2004,Anantapur Urban,Masulu Sreenivasulu,NTRTDP(LP),279,246290
2004,Anantapur Urban,Smt G. Lalitha,IND,352,246290
2004,Anantapur Urban,B. Nagasankar Reddy,IND,541,246290
2004,Anantapur Urban,K. Venkata Ramana,IND,605,246290
2004,Anantapur Urban,G. Haribabu,PPOI,732,246290
2004,Anantapur Urban,R. Rangappa,IND,931,246290
2004,Anantapur Urban,S. Shaikshavali,BSP,936,246290
2004,Anantapur Urban,T. Atmarami Reddy,IND,4224,246290
2004,Anantapur Urban,V. Prabhakar Chowdary,IND,24084,246290
2004,Anantapur Urban,K.M. Rahamthullah,TDP,38278,246290
2004,Anantapur Urban,B. Narayana Reddy,INC,76059,246290
2009,Anantapur Urban,D Rama Krishna,IND,81,229876
2009,Anantapur Urban,Avulanna Kullayappa,IND,82,229876
2009,Anantapur Urban,V Anjaneyulu,RDHP,98,229876
2009,Anantapur Urban,Chakala Nagaraju,IND,106,229876
2009,Anantapur Urban,D Riyaz,IND,119,229876
2009,Anantapur Urban,S Phani Kumar,IND,141,229876
2009,Anantapur Urban,K Basha,CPI(ML)(L),207,229876
2009,Anantapur Urban,Dasari Adinarayana,IND,214,229876
2009,Anantapur Urban,G Lalitha,IND,284,229876
2009,Anantapur Urban,K Vijaya Kumar,PPOI,329,229876
2009,Anantapur Urban,Syed Fayazuddin,BJP,728,229876
2009,Anantapur Urban,Kasani Nagaraju,BSP,1352,229876
2009,Anantapur Urban,S Salar Basha,IND,2156,229876
2009,Anantapur Urban,Doctor K Kondaiah,LSP,4314,229876
2009,Anantapur Urban,T J Prakash,PRAP,28489,229876
2009,Anantapur Urban,Mahalakshmi Sreenivasulu,TDP,32033,229876
2009,Anantapur Urban,B Gurunatha Reddy,INC,45275,229876
2014,Anantapur Urban,C.Ramesh Gowd,RPS,75,505636
2014,Anantapur Urban,M.C.Baba Fakruddin,SP,84,505636
2014,Anantapur Urban,T.Sivadeep Ranjeet,STR,92,505636
2014,Anantapur Urban,D.Raghavendra,SUCI,103,505636
2014,Anantapur Urban,S. Abdul Azeez,IND,122,505636
2014,Anantapur Urban,S.Suryachandra Naidu,IND,127,505636
2014,Anantapur Urban,Md.Hassain,WPOI,153,505636
2014,Anantapur Urban,Shaik. Sardar Vali,IND,209,505636
2014,Anantapur Urban,S.Abdul Khadar,IND,215,505636
2014,Anantapur Urban,K.Guruvenkatavittal,IND,220,505636
2014,Anantapur Urban,Anke Kullayappa,BSP,271,505636
2014,Anantapur Urban,A.Vamsi Krishna,IND,308,505636
2014,Anantapur Urban,R.Chenna Rajesh Gowd,AAAP,327,505636
2014,Anantapur Urban,T.Natesh Chowdary,IND,366,505636
2014,Anantapur Urban,S.Ali,AIMIM,667,505636
2014,Anantapur Urban,K.Chiranjeevi Reddy,JASPA,766,505636
2014,Anantapur Urban,Mandla Valmiki Gangadhar,IND,835,505636
2014,Anantapur Urban,None Of The Above,NOTA,1094,505636
2014,Anantapur Urban,V.Govardhan Reddy,INC,1473,505636
2014,Anantapur Urban,S.Ismail,LSP,2121,505636
2014,Anantapur Urban,Palyam Narayanaswamy,CPI,2363,505636
2014,Anantapur Urban,V. Rambhupal,CPM,3352,505636
2014,Anantapur Urban,B Gurunatha Reddy,YSRCP,65370,505636
2014,Anantapur Urban,V. Prabhakar Chowdary,TDP,74704,505636
2009,Guntakal,G. Veeranjeneya,BHSASP,583,217807
2009,Guntakal,Pasupula Hari Haranath,BJP,1570,217807
2009,Guntakal,D.Hemadri,IND,1610,217807
2009,Guntakal,T.Obilesu,BSP,2740,217807
2009,Guntakal,Pathi Ravi,PRAP,20417,217807
2009,Guntakal,Sainath Goud Ramagowni,TDP,51753,217807
2009,Guntakal,Madhusudhan,INC,61097,217807
2014,Guntakal,B. Obulesu,IND,122,464250
2014,Guntakal,E. Suresh Babu,IND,146,464250
2014,Guntakal,Nallabothula Ramesh,AAAP,151,464250
2014,Guntakal,D.M.D.Zabeeulla,RPS,179,464250
2014,Guntakal,B.Sreenivasulu,IND,181,464250
2014,Guntakal,S. Jakir,IND,196,464250
2014,Guntakal,T. Shakunthala,IND,217,464250
2014,Guntakal,P.Ramanjineyulu,PPOI,224,464250
2014,Guntakal,K.Jeenathunnisa,IND,271,464250
2014,Guntakal,Bavigadda Obulaiah,IND,333,464250
2014,Guntakal,D.Udaykiran,IND,356,464250
2014,Guntakal,Talari Parusuramudu,JASPA,451,464250
2014,Guntakal,Gaddala Nagabhushanam,BSP,486,464250
2014,Guntakal,D.B.Radhakrishna Yadav,IND,668,464250
2014,Guntakal,Thammineni Pushpa Latha,STR,690,464250
2014,Guntakal,None Of The Above,NOTA,717,464250
2014,Guntakal,Yeruru Mahaboob Basha,AIMIM,741,464250
2014,Guntakal,M. Ramanjaneyulu,IND,1106,464250
2014,Guntakal,S.Rammohan,LSP,1302,464250
2014,Guntakal,K. Prabhakar,INC,2251,464250
2014,Guntakal,Boyagadda Venkatramaiah,BJP,3865,464250
2014,Guntakal,Y. Venkata Rami Reddy,YSRCP,76561,464250
2014,Guntakal,R. Jithendra Goud,TDP,81655,464250
1978,Rayadurg,Chandragiri Motappa,IND,1499,98618
1978,Rayadurg,Obanaik,INC,8277,98618
1978,Rayadurg,Uddihal Motappa,JNP,26363,98618
1978,Rayadurg,K.B.Chennamllappa,INC(I),31591,98618
1983,Rayadurg,Sugali Megya Naik,IND,129,106986
1983,Rayadurg,Motappa,IND,659,106986
1983,Rayadurg,B. Thippaiah,IND,666,106986
1983,Rayadurg,Ulikantappa,INC,21141,106986
1983,Rayadurg,Kata Govindappa,IND,22822,106986
1983,Rayadurg,P. Venngopal Reddy,IND,26203,106986
1985,Rayadurg,U. Lingareddy,JNP,34588,116102
1985,Rayadurg,Huli Kuntaprao,INC,41777,116102
1994,Rayadurg,J. Kairunnisa,IND,22,150237
1994,Rayadurg,Kristappa,IND,77,150237
1994,Rayadurg,Muddu Krishna,IND,188,150237
1994,Rayadurg,Nayakula Narasimhulu,IND,262,150237
1994,Rayadurg,Nayakula Anjineyulu,IND,355,150237
1994,Rayadurg,Khuddus,IND,3255,150237
1994,Rayadurg,Patil Venugopal Reddy,INC,41983,150237
1994,Rayadurg,Bandi Hulikuntappa,TDP,62716,150237
1999,Rayadurg,Ramanjaneyulu,IND,524,165763
1999,Rayadurg,Satish Kumar,PPOI,592,165763
1999,Rayadurg,Srinivasa Gupta,ATDP,805,165763
1999,Rayadurg,Nagaraju,IND,1043,165763
1999,Rayadurg,Pujari Jitendrappa,TDP,49851,165763
1999,Rayadurg,Patil Venugopal Reddy,INC,59086,165763
2004,Rayadurg,Munnemm Somanath,IND,2184,174956
2004,Rayadurg,R.Manjunatha,IND,2832,174956
2004,Rayadurg,Patil Venugopal Reddy,INC,56083,174956
2004,Rayadurg,Mettu Govinda Reddy,TDP,66188,174956
1989,Rayadurg,Motappa,IND,409,139382
1989,Rayadurg,Megya Naik,IND,555,139382
1989,Rayadurg,Khasim Sab,IND,858,139382
1989,Rayadurg,Kata Govindappa,TDP,41000,139382
1989,Rayadurg,Patil Venugopal Reddy,INC,47550,139382
2009,Rayadurg,C Nagaraju,PPOI,776,198167
2009,Rayadurg,P Mohan,BHSASP,885,198167
2009,Rayadurg,Andra Prasad,LSP,1072,198167
2009,Rayadurg,Govinda Reddy,IND,2164,198167
2009,Rayadurg,Palegaru Thippe Swamy,BJP,2860,198167
2009,Rayadurg,Bosula Manohar,PRAP,9670,198167
2009,Rayadurg,Mettu Govinda Reddy,TDP,62168,198167
2009,Rayadurg,Kapu Ramachandra Reddy,INC,76259,198167
2014,Rayadurg,U Ramachandra Reddy,IND,366,451720
2014,Rayadurg,Amireddy Venkata Reddy,IND,395,451720
2014,Rayadurg,K. Srinivasulu,IND,397,451720
2014,Rayadurg,D. Shivakumar,PPOI,449,451720
2014,Rayadurg,N. Srinivasulu,IND,495,451720
2014,Rayadurg,B Venkata Ramana (Babu),LSP,649,451720
2014,Rayadurg,Virupa Srinivasulu,IND,767,451720
2014,Rayadurg,D. Yerriswamy Reddy,RPS,947,451720
2014,Rayadurg,None Of The Above,NOTA,1288,451720
2014,Rayadurg,S. Mallikarjuna,BCUF,1400,451720
2014,Rayadurg,Vadde M. B. Chinnappayya,INC,2737,451720
2014,Rayadurg,Kapu Ramachandra Reddy,YSRCP,90517,451720
2014,Rayadurg,Kalava Srinivasulu,TDP,92344,451720
1989,Kalyandurg,B. Parusuramaiah,IND,749,148447
1989,Kalyandurg,Sanjeevaiah V.,CPI,43706,148447
1989,Kalyandurg,Lakshmi Devi M.,INC,48448,148447
2009,Kalyandurg,Y G K Venkatesulu,PPOI,532,177742
2009,Kalyandurg,B Venkata Narayana,BSP,616,177742
2009,Kalyandurg,R G Santha Kumari,LSP,642,177742
2009,Kalyandurg,M Narayana,IND,914,177742
2009,Kalyandurg,Balaram Sake,BJP,1415,177742
2009,Kalyandurg,Market Ramanna,PRAP,7342,177742
2009,Kalyandurg,Vunnam Hanumantharaya Chowdary,TDP,65226,177742
2009,Kalyandurg,Neelakantapuram Raghuveera Reddy,INC,69614,177742
2014,Kalyandurg,Dasari Chandrasekhara,IND,523,391304
2014,Kalyandurg,Sugepalli Ravi Kumar,JASPA,751,391304
2014,Kalyandurg,None Of The Above,NOTA,880,391304
2014,Kalyandurg,P.Pakruddin,PPOI,1318,391304
2014,Kalyandurg,K.Ramakrishnayya,BSP,1395,391304
2014,Kalyandurg,M.D.Sanjeevappa,CPI,1541,391304
2014,Kalyandurg,Boya Thippe Swamy,YSRCP,69662,391304
2014,Kalyandurg,Vunnam Hanumantharaya Chowdary,TDP,91981,391304
1978,Kalyandurg,C.Obaiah,IND,1305,104599
1978,Kalyandurg,Lakshmi Devi M.,INC,17801,104599
1978,Kalyandurg,S.Viswandam,INC(I),19937,104599
1978,Kalyandurg,Hindi Narasappa,JNP,23364,104599
1983,Kalyandurg,Chowdappa,IND,600,111571
1983,Kalyandurg,B. T. Pakkirappa,CPI,8179,111571
1983,Kalyandurg,Vishwanatham,INC,19989,111571
1983,Kalyandurg,T. C. Mareppa,IND,41768,111571
1985,Kalyandurg,Lakshmidevi,INC,24469,117910
1985,Kalyandurg,B. T. Pakkirappa,CPI,49489,117910
1994,Kalyandurg,Boddappa,IND,51,166213
1994,Kalyandurg,Ramaswamy,IND,112,166213
1994,Kalyandurg,Kollappa,IND,209,166213
1994,Kalyandurg,Ramaiah,IND,262,166213
1994,Kalyandurg,M. Adeppa,IND,296,166213
1994,Kalyandurg,Chinna Durgappa,IND,375,166213
1994,Kalyandurg,Jenne Anjineyulu,BSP,836,166213
1994,Kalyandurg,Balaram,BJP,1101,166213
1994,Kalyandurg,M. Lakshmidevi,INC,28983,166213
1994,Kalyandurg,B.C. Govindappa,TDP,85061,166213
1999,Kalyandurg,A. Kullayappa,IND,108,183840
1999,Kalyandurg,B. Govindappa,IND,181,183840
1999,Kalyandurg,S. Yenjarappa,IND,256,183840
1999,Kalyandurg,H. Thimmappa,IND,282,183840
1999,Kalyandurg,M. Ananthamma,IND,334,183840
1999,Kalyandurg,M. Yerriswamy,IND,353,183840
1999,Kalyandurg,M. Krishnaiah,PPOI,429,183840
1999,Kalyandurg,P. Vannurappa,IND,534,183840
1999,Kalyandurg,B. Sudharshan,BJRP,1369,183840
1999,Kalyandurg,H. Nagaraju,ATDP,6919,183840
1999,Kalyandurg,K.B. Shanthi Shivaji,INC,44931,183840
1999,Kalyandurg,A. Saradamba,TDP,67813,183840
2004,Kalyandurg,R.Gangaraju,IND,641,196478
2004,Kalyandurg,H.Vannurappa,IND,790,196478
2004,Kalyandurg,M.Suresh Babu,IND,1341,196478
2004,Kalyandurg,A. Kullayappa,IND,1467,196478
2004,Kalyandurg,Sugepalli Umadevi,INC,66711,196478
2004,Kalyandurg,B.C. Govindappa,TDP,76363,196478
1978,Singanamala,Asavadi Jagajjeevan,IND,1434,88391
1978,Singanamala,N. Sivasankar,INC,2016,88391
1978,Singanamala,Katappagari Ananda Rao,INC(I),16758,88391
1978,Singanamala,B. Rukmani Devi,JNP,20385,88391
1983,Singanamala,Pujari Varadarajulu,JNP,786,93726
1983,Singanamala,K. Ananda Rao,INC,19318,93726
1983,Singanamala,P. Gurumurthy,IND,38221,93726
1985,Singanamala,Asadi Naganhushanam,IND,131,103324
1985,Singanamala,Mallepula Yerriswamy,IND,374,103324
1985,Singanamala,Kailasam Ananda Rao,IND,1429,103324
1985,Singanamala,P. Samanthakamani,INC,19990,103324
1985,Singanamala,K. Jayaram,TDP,34202,103324
1989,Singanamala,Meesala Pedda Narayana Alias Abbenna,IND,100,131231
1989,Singanamala,Mantrigari Chinna Nallappa,IND,188,131231
1989,Singanamala,Harijana Dasari Subbaiah,IND,205,131231
1989,Singanamala,Peddapuri Ramiah,IND,459,131231
1989,Singanamala,Juturu Yernagappa,IND,471,131231
1989,Singanamala,J. Channappa,IND,515,131231
1989,Singanamala,Nukathati Muneppa,IND,650,131231
1989,Singanamala,B.C. Govindappa,TDP,35698,131231
1989,Singanamala,P. Samanthakamani,INC,42777,131231
1994,Singanamala,Ramanjaneyulu,IND,518,141294
1994,Singanamala,Bandi Nallappa,BSP,753,141294
1994,Singanamala,Mendava Ramaiah,IND,1064,141294
1994,Singanamala,Pratap Sagar,BJP,1175,141294
1994,Singanamala,N. Muneppa,IND,1211,141294
1994,Singanamala,P. Samanthakamani,INC,18337,141294
1994,Singanamala,K. Jayaram,TDP,65535,141294
1999,Singanamala,N. Muneppa,IND,274,155039
1999,Singanamala,Tarimela Nallappa,MCPI(S),557,155039
1999,Singanamala,O.Nallappa,CPM,2652,155039
1999,Singanamala,S. Sairam,INC,43020,155039
1999,Singanamala,K. Jayaram,TDP,47310,155039
2004,Singanamala,Nadimidoddi Peddaiah,IND,760,160557
2004,Singanamala,Gangadhar,IND,1093,160557
2004,Singanamala,Mundlapati Ramanamma,IND,1095,160557
2004,Singanamala,Muchukota Anand Kumar,BSP,3036,160557
2004,Singanamala,Pamidi Samanthaka Mani,TDP,51443,160557
2004,Singanamala,Sake Sailajanath,INC,60029,160557
2009,Singanamala,Ramamurthy Dasari,CPI(ML)(L),294,197716
2009,Singanamala,P Peddanna,PP,348,197716
2009,Singanamala,M Obulapathi,IND,496,197716
2009,Singanamala,M Chandrappa,IND,556,197716
2009,Singanamala,A Naga Nallaiah,IND,609,197716
2009,Singanamala,Kullayappa Midde,IND,720,197716
2009,Singanamala,Mudigubba Lakshmanna,IND,1094,197716
2009,Singanamala,Y K Viswanath,TPPP,1200,197716
2009,Singanamala,Harijana Chandrasekhar,BSP,1664,197716
2009,Singanamala,Mallichetty Peddanna,BJP,2247,197716
2009,Singanamala,Jayaram Kothapalli,PRAP,12689,197716
2009,Singanamala,Pamidi Samanthaka Mani,TDP,62191,197716
2009,Singanamala,Sake Sailajanath,INC,65367,197716
2014,Singanamala,Y. Rajagopal,RPS,112,422578
2014,Singanamala,P.N. Vara Prasad,AIMIM,147,422578
2014,Singanamala,Bandaru. Chandrasekhar,IND,168,422578
2014,Singanamala,M. Raghu Ramanjineyulu,IND,172,422578
2014,Singanamala,K. Obulesu,IND,190,422578
2014,Singanamala,C. Vinod,IND,266,422578
2014,Singanamala,Y.K. Viswanath,MASP,307,422578
2014,Singanamala,M. Venkata Krishnaiah,IND,309,422578
2014,Singanamala,K. Silas,IND,495,422578
2014,Singanamala,Bandaru Ramanjineyulu,JASPA,683,422578
2014,Singanamala,None Of The Above,NOTA,710,422578
2014,Singanamala,Kondamallela Nagendra,LSP,1016,422578
2014,Singanamala,Singanamala. Parandama,BSP,1598,422578
2014,Singanamala,Sake Sailajanath,INC,2176,422578
2014,Singanamala,Jonnalagadda Padmavathy,YSRCP,82095,422578
2014,Singanamala,B. Yamini Bala,TDP,86679,422578
1978,Uravakonda,Mruthyunjaya Rao Karnam,IND,2881,93793
1978,Uravakonda,Bukkitla Basappa,IND,4838,93793
1978,Uravakonda,Sanda Nayayanappa,JNP,6953,93793
1978,Uravakonda,P.Venkata Narayana,INC,14357,93793
1978,Uravakonda,R.Vemanna,INC(I),34344,93793
1983,Uravakonda,Rayala Vemanna,INC,26748,98861
1983,Uravakonda,Y. Bheema Reddy,IND,41826,98861
1985,Uravakonda,Nallapareddy Ramanareddy,IND,395,109928
1985,Uravakonda,A. Buden Sab,IND,744,109928
1985,Uravakonda,V. Gopi Nath,INC,29014,109928
1985,Uravakonda,Gurram Narayanappa,TDP,38390,109928
1989,Uravakonda,Penabadi Varada Raju,IND,692,133752
1989,Uravakonda,Gurram Narayanappa,TDP,35723,133752
1989,Uravakonda,V. Gopi Nath,INC,52365,133752
1994,Uravakonda,Sat Prasad,IND,74,138202
1994,Uravakonda,Bheemalingaiah,IND,163,138202
1994,Uravakonda,A. Ramamohan,IND,267,138202
1994,Uravakonda,V. Ramanjaneyulu,IND,277,138202
1994,Uravakonda,Kothapalli Yerriswamy,IND,391,138202
1994,Uravakonda,K. Laleppa,BJP,719,138202
1994,Uravakonda,Pullaiah,INC,9528,138202
1994,Uravakonda,Y. Sivarami Reddy,IND,32615,138202
1994,Uravakonda,Kesanna,TDP,50306,138202
1999,Uravakonda,Yellareddygari Venkatarama Reddy,IND,114,154310
1999,Uravakonda,Pottipadu Ravindra Reddy,IND,198,154310
1999,Uravakonda,Nettyam Siva Kumar,IND,343,154310
1999,Uravakonda,Smt. Gaduputi Leelavathi,PPOI,421,154310
1999,Uravakonda,Singamaneni Sreeramulu,IND,441,154310
1999,Uravakonda,Gonuguntla Sreenivasulu,ATDP,489,154310
1999,Uravakonda,Payyavula Keshav,TDP,45562,154310
1999,Uravakonda,Yellareddy Gari Sivarama Reddy,INC,54063,154310
2004,Uravakonda,Vankalapathi Mohan,IND,404,151992
2004,Uravakonda,Yallareddigari Madhusudana Reddy,IND,406,151992
2004,Uravakonda,V.Parandama Chowdary,IND,477,151992
2004,Uravakonda,K.B.Chakradhari,IND,559,151992
2004,Uravakonda,S.Vijaya Baskar,IND,809,151992
2004,Uravakonda,G.Venkatesu,PPOI,1696,151992
2004,Uravakonda,Y Visweswara Reddy,CPI(ML)(L),47501,151992
2004,Uravakonda,Payyavula Keshav,TDP,55756,151992
2009,Uravakonda,Devineni Prakash,IND,202,187323
2009,Uravakonda,K. Ramireddy,IND,223,187323
2009,Uravakonda,Bandari Sunkanna,IND,226,187323
2009,Uravakonda,D. Shivakumar,PPOI,295,187323
2009,Uravakonda,H. Lakshmanna,TPPP,300,187323
2009,Uravakonda,Vadde Narayanaswamy,IND,477,187323
2009,Uravakonda,Vasikeri Shiva Prasad,IND,838,187323
2009,Uravakonda,K.B. Sreenivasulu,IND,1175,187323
2009,Uravakonda,Mendla Prabhakar,BSP,1692,187323
2009,Uravakonda,Gurram.Chennakeshava Rao,PRAP,8255,187323
2009,Uravakonda,Y Visweswara Reddy,INC,64499,187323
2009,Uravakonda,Payyavula Keshav,TDP,64728,187323
2014,Uravakonda,M. Jaya Praksh Naidu,IND,152,386998
2014,Uravakonda,Molaka Bala Ramanjineyulu,IND,202,386998
2014,Uravakonda,G. Sudhakar Reddy,IND,232,386998
2014,Uravakonda,C.Somasekhar Reddy,IND,235,386998
2014,Uravakonda,Nara Narapa Reddy,RPS,273,386998
2014,Uravakonda,B. Ravi Sankar,PPOI,442,386998
2014,Uravakonda,Kuruba Laleppa,IND,484,386998
2014,Uravakonda,None Of The Above,NOTA,894,386998
2014,Uravakonda,Mendla Prabhakar,BSP,1052,386998
2014,Uravakonda,K. Ramanjineyulu,JASPA,1105,386998
2014,Uravakonda,Vasikeri Shiva Prasad,INC,1185,386998
2014,Uravakonda,Payyavula Keshav,TDP,78767,386998
2014,Uravakonda,Y Visweswara Reddy,YSRCP,81042,386998
1978,Tadipatri,Yatham Narayana,IND,355,101138
1978,Tadipatri,Vellaboyana Bhima Rao,IND,537,101138
1978,Tadipatri,Peddanna,IND,1413,101138
1978,Tadipatri,V.K. Obi Reddi,INC,15872,101138
1978,Tadipatri,Munchala Kesava Reddy,JNP,23280,101138
1978,Tadipatri,Diddekunta Venkata Reddy,INC(I),28793,101138
1983,Tadipatri,Nazeer Ahmed Veerapuram,IND,362,115414
1983,Tadipatri,V. K. Venkata Rami Reddy,CPI,7529,115414
1983,Tadipatri,V. K. Obireddy,INC,18446,115414
1983,Tadipatri,J.C. Diwakar Reddy,IND,20300,115414
1983,Tadipatri,Mutyala Kesava Reddy,IND,31416,115414
1985,Tadipatri,Kanakampedda Ganganna,IND,33,125007
1985,Tadipatri,Jalagadu Gulakshmi Devi,IND,255,125007
1985,Tadipatri,Yathamnarayana Reddy,IND,331,125007
1985,Tadipatri,D. Ramamurthy,IND,1427,125007
1985,Tadipatri,Ramachandra Reddy Bhunireddygari,TDP,38263,125007
1985,Tadipatri,J.C. Diwakar Reddy,INC,49747,125007
1989,Tadipatri,Pedda Bayarava Reddy,IND,79,157732
1989,Tadipatri,Yannapusa Bhagyalakshmi,IND,103,157732
1989,Tadipatri,Thirupalu Reddy,IND,339,157732
1989,Tadipatri,Ghosuse Mohiddin,MIM,1024,157732
1989,Tadipatri,P. Nagi Reddy,TDP,52335,157732
1989,Tadipatri,J.C. Diwakar Reddy,INC,53554,157732
1994,Tadipatri,Sambasiva Reddy,IND,40,171442
1994,Tadipatri,Satyanarayana Reddy,IND,53,171442
1994,Tadipatri,Venkata Ranga Reddy,IND,77,171442
1994,Tadipatri,Konkari Balanna,IND,95,171442
1994,Tadipatri,K. Nallappa,IND,306,171442
1994,Tadipatri,Rajasekhara Reddy,IND,443,171442
1994,Tadipatri,Ravi Laxmi Devi,BJP,655,171442
1994,Tadipatri,Peram Nagi Reddy,TDP,47813,171442
1994,Tadipatri,J.C. Diwakar Reddy,INC,70693,171442
1999,Tadipatri,T. Maheswara Reddy,IND,89,174251
1999,Tadipatri,Ambati Siva Sankar Reddy,IND,151,174251
1999,Tadipatri,J.C. Raja Sekhar Reddy,IND,164,174251
1999,Tadipatri,Vennapusa Rami Reddy,IND,193,174251
1999,Tadipatri,Prabhakar Reddy,IND,215,174251
1999,Tadipatri,Maramreddy Ranganatha Reddy,PPOI,437,174251
1999,Tadipatri,Lingutla Rajendra Prasad,ATDP,758,174251
1999,Tadipatri,Peram Nagi Reddy,TDP,47466,174251
1999,Tadipatri,J.C. Diwakar Reddy,INC,51509,174251
2004,Tadipatri,V.Muraliprasad Reddy,IND,171,194798
2004,Tadipatri,M.Ramanjula Reddy,IND,187,194798
2004,Tadipatri,B.C.Ramakrishna Reddy,IND,202,194798
2004,Tadipatri,O.Chinna Obula Reddy,IND,307,194798
2004,Tadipatri,K..Sivarami Reddy,IND,330,194798
2004,Tadipatri,J.C. Prabhakar Reddy,IND,347,194798
2004,Tadipatri,P.Vasudeva Reddy,IND,351,194798
2004,Tadipatri,Y.Surya Prabhakara Reddy,IND,663,194798
2004,Tadipatri,Maramreddy Ranganatha Reddy,PPOI,1906,194798
2004,Tadipatri,Kethireddy Suryaprathapa Reddy,TDP,58318,194798
2004,Tadipatri,J.C. Diwakar Reddy,INC,66195,194798
2009,Tadipatri,Chinta Purushotam,IND,202,202829
2009,Tadipatri,Tanguturi Jagannatha Reddy,IND,225,202829
2009,Tadipatri,Golla Subramanyam,IND,274,202829
2009,Tadipatri,K Pulikonda,IND,440,202829
2009,Tadipatri,J.C. Prabhakar ,IND,471,202829
2009,Tadipatri,Pyla Rayudu,IND,500,202829
2009,Tadipatri,P Prathap Yadav,IND,502,202829
2009,Tadipatri,Bhanu Praksh Reddy,IND,537,202829
2009,Tadipatri,Ogety Sree Devi,LSP,922,202829
2009,Tadipatri,R Venkata Ramana,IND,1204,202829
2009,Tadipatri,P V Prathap Reddy,BJP,1641,202829
2009,Tadipatri,C Kesava Reddy,BSP,3855,202829
2009,Tadipatri,Pyla Narasimhaiah,PRAP,19718,202829
2009,Tadipatri,Peram Nagi Reddy,TDP,56403,202829
2009,Tadipatri,J.C. Diwakar Reddy,INC,63358,202829
2014,Tadipatri,K.Narasimha Reddy,IND,133,451302
2014,Tadipatri,M.Lali Bhaskar Reddy,IND,238,451302
2014,Tadipatri,G.Chandra Sekhar,IND,241,451302
2014,Tadipatri,Bandi Sunil Kumar,IND,289,451302
2014,Tadipatri,Vignesh. R,IND,495,451302
2014,Tadipatri,P.Gopal Reddy,IND,615,451302
2014,Tadipatri,P. Neelakanta Achari,BSP,929,451302
2014,Tadipatri,None Of The Above,NOTA,1213,451302
2014,Tadipatri,"Cherukuri Venkataramana,",JASPA,1374,451302
2014,Tadipatri,Ambati Viswantha Reddy,INC,1411,451302
2014,Tadipatri,T.Kuladeep Chowdary,STR,1688,451302
2014,Tadipatri,V.R.Rami Reddy,YSRCP,74568,451302
2014,Tadipatri,J.C. Prabhakar Reddy,TDP,96740,451302
1978,Guntakal,S.Khaja Hussain,IND,447,85924
1978,Guntakal,Veera Reddy Z.,CPI,11595,85924
1978,Guntakal,Jaffar Sab,JNP,18944,85924
1978,Guntakal,K.Venkataramaiah,INC(I),24185,85924
1983,Guntakal,Nagappa K.,IND,370,99595
1983,Guntakal,Shaik G. C. Hussain Peeran,IND,991,99595
1983,Guntakal,V. K. Adinarayana Reddy,CPI,5418,99595
1983,Guntakal,K. Venkataramaiah,INC,13806,99595
1983,Guntakal,Pathi Rajagopalu,IND,40358,99595
1985,Guntakal,Mohammed Usman,IND,103,105476
1985,Guntakal,Mallikarjuna,IND,171,105476
1985,Guntakal,B. Lakshmireddy,IND,309,105476
1985,Guntakal,Jagadeesh,INC,27623,105476
1985,Guntakal,N. Gadilingappa,TDP,35090,105476
1989,Guntakal,G. Damodar,IND,724,128468
1989,Guntakal,Sainath Gowd,TDP,40171,128468
1989,Guntakal,Arikeri Jagadeesh,INC,41784,128468
1994,Guntakal,P.S. Nizamuddin,IND,28,138192
1994,Guntakal,Hanumanthu,IND,64,138192
1994,Guntakal,Chinnakalappa,IND,72,138192
1994,Guntakal,S. Fakruddin,IND,78,138192
1994,Guntakal,Sirisala Vijayakumar,IND,110,138192
1994,Guntakal,Abdul Rajak Mia,BSP,231,138192
1994,Guntakal,Illuru Shankaraiah Gupta,IND,246,138192
1994,Guntakal,D. Ravindranath Reddy,BJP,1635,138192
1994,Guntakal,Arikera Jagadeesh,INC,15391,138192
1994,Guntakal,Sainath Gowd,IND,30447,138192
1994,Guntakal,Gadhi Lingappa,TDP,41275,138192
1999,Guntakal,B. Sanjappa,IND,35,159964
1999,Guntakal,B. Ramanjaneyulu,IND,42,159964
1999,Guntakal,Mallela Laxmanna,IND,112,159964
1999,Guntakal,Besta Narayanaswamy,NTRTDP(LP),130,159964
1999,Guntakal,M. Venkoji Rao,PPOI,286,159964
1999,Guntakal,D. Jagadeesh,CPI,6048,159964
1999,Guntakal,Gadi Lingappa,INC,24946,159964
1999,Guntakal,R. Sainath Gowd,TDP,59410,159964
2004,Guntakal,M. Feroz Alikhan,IND,291,155852
2004,Guntakal,Thammineni Chowdary Naidu,IND,311,155852
2004,Guntakal,Thammineni Konaiah,IND,730,155852
2004,Guntakal,B. Venkoba Rao,IND,782,155852
2004,Guntakal,K.C. Narayana,TDP,44183,155852
2004,Guntakal,Neelavathi. N,INC,52895,155852
2019,Anantapur Urban,Anantha Venkatarami Reddy,YSRCP,88704,165141
2019,Anantapur Urban,Prabhakar Chowdary .V,TDP,60006,165141
2019,Anantapur Urban,T. C. Varun,JSP,10920,165141
2019,Anantapur Urban,G. Naga Raju,INC,1599,165141
2019,Anantapur Urban,Amarnath Jangati,BJP,1436,165141
2019,Anantapur Urban,Nota,NOTA,1312,165141
2019,Anantapur Urban,Rahamthulla,IUML,445,165141
2019,Anantapur Urban,Yelamanjula Rajesh,IND,179,165141
2019,Anantapur Urban,G. Balaji Viswanath,IND,144,165141
2019,Anantapur Urban,P. Venkata Babu Naidu,IND,127,165141
2019,Anantapur Urban,D. Raghavendra,SUCI,111,165141
2019,Anantapur Urban,Kattam Karthik,IND,94,165141
2019,Anantapur Urban,Sivaiah,NSP,64,165141
2019,Kalyandurg,K.V. Usha Sricharan,YSRCP,88051,190841
2019,Kalyandurg,Umamaheswara Naidu Madineni,TDP,68155,190841
2019,Kalyandurg,Neelakantapuram Raghuveera Reddy,INC,28883,190841
2019,Kalyandurg,Rahul Karanam,JSP,1554,190841
2019,Kalyandurg,Nota,NOTA,1515,190841
2019,Kalyandurg,Muppuri Devaraj,BJP,794,190841
2019,Kalyandurg,Sreerangarajula Gopinath Rayal,IND,495,190841
2019,Kalyandurg,Mannila Kishor,IND,276,190841
2019,Kalyandurg,Y. Usharani,PSHP,212,190841
2019,Kalyandurg,V. Adeppa,IND,173,190841
2019,Kalyandurg,Balaram Naik.N,IND,169,190841
2019,Kalyandurg,Goparam Govindarajulu,IND,169,190841
2019,Kalyandurg,M. Ramesh,VCK,129,190841
2019,Kalyandurg,Gonimanathota Pedda Obalesu,IND,97,190841
2019,Kalyandurg,C. Sreenivasulu,IND,87,190841
2019,Kalyandurg,Shaik Pakruddin,PPOI,82,190841
2019,Singanamala ,Padmavathy Jonnalagadda,YSRCP,118044,197466
2019,Singanamala ,Bandaru Sravani Sree,TDP,71802,197466
2019,Singanamala ,Nota,NOTA,2340,197466
2019,Singanamala ,Dr. Sake. Sailajanath,INC,1384,197466
2019,Singanamala ,Midde Ravindra Babu,BSP,1358,197466
2019,Singanamala ,Challa. Chinna Venkatesu,BJP,1046,197466
2019,Singanamala ,Kodamala Obulesu,IND,739,197466
2019,Singanamala ,M. Obulapathi,IND,492,197466
2019,Singanamala ,M.Surendra,PPOI,141,197466
2019,Singanamala ,Adinarayana. S,IND,120,197466
2019,Tadipatri,K. Pedda Reddy,YSRCP,92911,187874
2019,Tadipatri,Ashmit Reddy.J.C.,TDP,85400,187874
2019,Tadipatri,Kadiri.Sreekanth Reddy,JSP,2642,187874
2019,Tadipatri,Nota,NOTA,2063,187874
2019,Tadipatri,Gujjala Nagi Reddy,INC,1881,187874
2019,Tadipatri,Jangamreddy.Ankal Reddy,BJP,1619,187874
2019,Tadipatri,Bingi Prasad,IND,433,187874
2019,Tadipatri,Ramineni Ramamohan,IND,291,187874
2019,Tadipatri,B. Jagadeeswara Reddy,AIFB,243,187874
2019,Tadipatri,Mamilla. Narayana Swamy.,IND,229,187874
2019,Tadipatri,Paluru. Neelakanta. Achari,IND,162,187874
2019,Guntakal,Y.Venkatarama Reddy,YSRCP,106922,191057
2019,Guntakal,R.Jitendra Gowd,TDP,58390,191057
2019,Guntakal,Kotrike Madhusudan,JSP,19878,191057
2019,Guntakal,K.Prabhakar,INC,2090,191057
2019,Guntakal,Nota,NOTA,1547,191057
2019,Guntakal,Pasupula Hariharanath,BJP,1163,191057
2019,Guntakal,M.Ramanjaneyulu,IND,249,191057
2019,Guntakal,Thanniru Sreenivasulu,IND,186,191057
2019,Guntakal,S.Rammohan,IND,184,191057
2019,Guntakal,Gopa Hemalatha,PPOI,176,191057
2019,Guntakal,P.Venkatesh,JSRP,96,191057
2019,Guntakal,Kallamadi Satya Sudarsana Gupta,IND,88,191057
2019,Guntakal,Akula Murali Krishna,IND,88,191057
2019,Uravakonda,Payyavula Keshav,TDP,90209,186756
2019,Uravakonda,Y. Visweswara Reddy,YSRCP,88077,186756
2019,Uravakonda,Podapati. Rama Naidu,INC,2394,186756
2019,Uravakonda,Nota,NOTA,1517,186756
2019,Uravakonda,Sake Ravikumar,JSP,1323,186756
2019,Uravakonda,Kotha Sreenivasulu,BJP,757,186756
2019,Uravakonda,D. Radha,IND,651,186756
2019,Uravakonda,S. Venkateswara,IND,419,186756
2019,Uravakonda,D. Shivakumar,PPOI,385,186756
2019,Uravakonda,M. Visweswaraiah,IND,252,186756
2019,Uravakonda,V. Kesava Narayana,IND,211,186756
2019,Uravakonda,Viswanatha Reddy.K,PSHP,184,186756
2019,Uravakonda,B. Rajesh,IND,106,186756
2019,Uravakonda,Molak. Balaramanjineyulu,IND,102,186756
2019,Uravakonda,Kuruba Laleppa,IND,91,186756
2019,Uravakonda,Kummathi Hanumantha Reddy,IND,78,186756
2019,Rayadurg,Kapu Ramachandra Reddy,YSRCP,109043,216112
2019,Rayadurg,Kalava Srinivasulu,TDP,94994,216112
2019,Rayadurg,Nota,NOTA,3883,216112
2019,Rayadurg,Manjunath Gowd,JSP,2445,216112
2019,Rayadurg,M.B.Chinnappayya,INC,2338,216112
2019,Rayadurg,S.Raghavendra,IND,972,216112
2019,Rayadurg,J.Vasundara,BJP,824,216112
2019,Rayadurg,C.Srinivasulu,IND,582,216112
2019,Rayadurg,Ramchandrareddy.U,IND,383,216112
2019,Rayadurg,Yadav Sreenivasulu,IND,331,216112
2019,Rayadurg,Kavali Sreenivasulu,IND,162,216112
2019,Rayadurg,M.Srinivasulu,PPOI,155,216112
