mandal,area,name,party,sex,electioncat,year
Agali,AGALI,Sreenivasulu,YSRCP,M?,BC,2014
Agali,HALLIKERA,Lakshminarasappa,TDP,M?,SC,2014
Agali,INAGALORE,G.Thippamma,TDP,F,UR(W),2014
Agali,IRIGEPALLI,Kavitha,TDP,F,SC(W),2014
Agali,KODIPALLI,Mallappa,TDP,M?,UR,2014
Agali,MADHUDI,Nanjundappa,TDP,M?,UR,2014
Agali,NARASAMBUDI,Sarojamma,TDP,F,BC(W),2014
Agali,P.BYADIGERA,Ammajamma,TDP,F,UR(W),2014
Agali,RAGELINGANAHALLI,Sakrappa,TDP,M?,BC,2014
Agali,RAVUDI,Lakshmamma,TDP,F,BC(W),2014
Amadagur,Amadagur,P.Geetha,IND,F,UR(W),2014
Amadagur,ChinaganiPalli,D.Dhanalakshmi,TDP,M?,UR,2014
Amadagur,GunduvariPalli,P.Venkatramanamma,TDP,M?,BC,2014
Amadagur,JowkulakothaPalli,K.Jayamma,YSRCP,M?,UR,2014
Amadagur,Mahammadabad,P.Sivamma,YSRCP,F,UR(W),2014
Amadagur,PulakuntaPalli,B.Santhamma,YSRCP,F,UR(W),2014
Amadagur,Thummala-I,P.Gangadevi,TDP,F,SC(W),2014
Amadagur,Thummala-II,M.Choudamma,YSRCP,F,BC(W),2014
Amarapuram,ALADAPALLI,Manjunath,TDP,M?,UR,2014
Amarapuram,AMARAPURAM-I,Nagaveni,TDP,F,UR(W),2014
Amarapuram,AMARAPURAM-II,Krishnamurthy,TDP,M?,UR,2014
Amarapuram,BASAVANAPALLI,Krishnareddy,YSRCP,M?,BC,2014
Amarapuram,HALUKU-II,Rangamma,TDP,F,SC(W),2014
Amarapuram,HALUKUR-I,C N Deepthi,TDP,F,BC(W),2014
Amarapuram,HEMAVATHI-I,Shivakumar,TDP,M?,UR,2014
Amarapuram,HEMAVATHI-II,Meenakashi,TDP,M?,BC,2014
Amarapuram,HEMAVATHI-III,Lokesh,TDP,M?,SC,2014
Amarapuram,K.SIVARAM,S.Rashmi,TDP,F,UR(W),2014
Amarapuram,MADDANAKUNTA,Govindaraya,TDP,M?,SC,2014
Amarapuram,NIDRAGATTA,Roopa,TDP,F,UR(W),2014
Amarapuram,THAMADEPALLI-I,K. Saradamma,TDP,F,BC(W),2014
Amarapuram,THAMADEPALLI-II,Hemalatha,TDP,F,SC(W),2014
Amarapuram,V.AGRAHARAM,Radhakrishna,TDP,M?,UR,2014
Amarapuram,VALASA,Girijamma,TDP,F,UR(W),2014
Ananthapuramu Rural,A.Narayanapuram - I,B.Vanaja,TDP,F,UR(W),2014
Ananthapuramu Rural,A.Narayanapuram - II,S.Nagaraju,TDP,M?,UR,2014
Ananthapuramu Rural,A.Narayanapuram - III,Mangala Ramu,TDP,M?,UR,2014
Ananthapuramu Rural,A.Narayanapuram - IV,K.Aparana,YSRCP,F,UR(W),2014
Ananthapuramu Rural,A.Narayanapuram - V,B.Pushapavathi,TDP,F,BC(W),2014
Ananthapuramu Rural,A.Narayanapuram - VI,E.Lelavathi,TDP,F,UR(W),2014
Ananthapuramu Rural,A.Narayanapuram - VII,Kuruba Jganeswari,YSRCP,F,UR(W),2014
Ananthapuramu Rural,Akkampalli,T.Imamulu,TDP,M?,BC,2014
Ananthapuramu Rural,Akuthotapalli - I,S.Anand,TDP,M?,SC,2014
Ananthapuramu Rural,Akuthotapalli - II,M.Ramana,TDP,M?,BC,2014
Ananthapuramu Rural,Alamuru,A.Subba Reddy,YSRCP,M?,UR,2014
Ananthapuramu Rural,Anantapuramu Rural - I,B.Venkataramanamma,TDP,F,UR(W),2014
Ananthapuramu Rural,Anantapuramu Rural -II,K.Silpa,TDP,F,UR(W),2014
Ananthapuramu Rural,Chiyyedu,K.Ramamohan Reddy,YSRCP,M?,UR,2014
Ananthapuramu Rural,Itukalapalli,M.Akkulappa,TDP,M?,UR,2014
Ananthapuramu Rural,Kakkalapalli,Narayanswamy,TDP,M?,UR,2014
Ananthapuramu Rural,Kakkalapalli Colony - I,Kadirabba Dhanujay,YSRCP,M?,BC,2014
Ananthapuramu Rural,Kakkalpalli Colony - II,K.Radhamma,YSRCP,F,UR(W),2014
Ananthapuramu Rural,Kakkalpalli Colony - III,K.Gayathri Devi,YSRCP,F,BC(W),2014
Ananthapuramu Rural,Kamarupalli,Kanekanti Madhavi,TDP,F,UR(W),2014
Ananthapuramu Rural,Kandukuru - I,B.Govinda Reddy,YSRCP,M?,UR,2014
Ananthapuramu Rural,Kandukuru - II,S.Nagamma,YSRCP,F,SC(W),2014
Ananthapuramu Rural,Kurugunta,B.Kirana Kumar Reddy,YSRCP,M?,UR,2014
Ananthapuramu Rural,Narasanayanikunta,S.Janaki Bai,TDP,F,ST(W),2014
Ananthapuramu Rural,Pulakunta,M.Hemavathi,YSRCP,F,SC(W),2014
Ananthapuramu Rural,Rachanpalli - I,G.Ramna Reddy,YSRCP,M?,UR,2014
Ananthapuramu Rural,Rachanpalli - II,D.Saddanapa,TDP,M?,BC,2014
Ananthapuramu Rural,Rajiv Colony - I,D.Abudul Rahim,TDP,M?,BC,2014
Ananthapuramu Rural,Rajiv Colony - II,Chakali Jayamma,YSRCP,F,BC(W),2014
Ananthapuramu Rural,Rudrampeta - I,Gundla Madugu Balaji,YSRCP,M?,UR,2014
Ananthapuramu Rural,Rudrampeta - II,Guggilla Raghava Reddy,TDP,M?,UR,2014
Ananthapuramu Rural,Rudrampeta - III,Harijana Krishanaveni,TDP,F,SC(W),2014
Ananthapuramu Rural,Rudrampeta - IV,S.Venkata Lakshmi,TDP,F,BC(W),2014
Ananthapuramu Rural,Somuladoddi,M.Naganna,TDP,M?,SC,2014
Ananthapuramu Rural,Taticherla,M.Venkatalakshmamma,TDP,F,UR(W),2014
Ananthapuramu Rural,Uparapalli,P.Naramma,YSRCP,F,UR(W),2014
Atmakur,Atmakur-I,J.Chinnakka,YSRCP,M?,SC,2014
Atmakur,Atmakur-II,P.Prathap,TDP,M?,UR,2014
Atmakur,B.Yaleru,K.Shankaranarayana Reddy,YSRCP,M?,UR,2014
Atmakur,Goridindla,Talari Ramadevi,TDP,F,BC(W),2014
Atmakur,Muttala,Ippeti Akkamma,YSRCP,F,BC(W),2014
Atmakur,P.Yaleru,Subbara Sanjeevaiah,TDP,M?,BC,2014
Atmakur,Sanapa,Gangula Jayasudha,TDP,F,UR(W),2014
Atmakur,Singampalli,R.Varalakshmi,YSRCP,F,ST(W),2014
Atmakur,Talupuru,Gaduputi Rama Devi,TDP,F,UR(W),2014
Atmakur,Thopudurthy,Yarragunta Mallikarjuna,YSRCP,M?,UR,2014
Atmakur,Vepacherla,M.Marrekka,TDP,F,SC(W),2014
Bathalapalli,Apparacheruvu,B.Nirmala,YSRCP,F,UR(W),2014
Bathalapalli,Bathalapalli - I,M.Ramanjeeneyulu,YSRCP,M?,SC,2014
Bathalapalli,Bathalapalli - II,P.Kalavathi,YSRCP,F,BC(W),2014
Bathalapalli,Bathalapalli - III,K.Suryaprakash Babu,YSRCP,M?,BC,2014
Bathalapalli,D.Cherlopalle,G.Venkateswara Reddy,YSRCP,M?,UR,2014
Bathalapalli,Dampetla,G.Vengala Reddy,YSRCP,M?,UR,2014
Bathalapalli,Malyavantham,S.Saileela,TDP,F,SC(W),2014
Bathalapalli,Mustur,K.Suryaprakash Rao,TDP,M?,UR,2014
Bathalapalli,Obulapuram,M.Bhagyamma,TDP,F,UR(W),2014
Bathalapalli,Sanjeevapuram,K.Rathnamma,TDP,F,BC(W),2014
Bathalapalli,Thambapuram,S.Gangadevi,TDP,F,ST(W),2014
Beluguppa,Ankampalli,Bolliboyena Vani,TDP,F,UR(W),2014
Beluguppa,B.Ramasagaram,Golla Yerraya Dowd,TDP,M?,UR,2014
Beluguppa,Beluguppa - 2,Mood Salabai,YSRCP,F,ST(W),2014
Beluguppa,Beluguppa - 2,Boya Kahchi Ramudu,TDP,M?,UR,2014
Beluguppa,Duddekunta,Guduputi Thimmappa,TDP,M?,UR,2014
Beluguppa,Gagavaram,K.Anjinamma,YSRCP,F,BC(W),2014
Beluguppa,Kalavapalalli,K.Venkatesulu,YSRCP,M?,BC,2014
Beluguppa,N.Gundlapalli,Vadde Sreenivasulu,TDP,M?,BC,2014
Beluguppa,Narasapuram,Madiga Nagamma,YSRCP,F,SC(W),2014
Beluguppa,Seerpi,Thirupatamma,TDP,M?,SC,2014
Beluguppa,Sreerangapuram,Malasree Edega,TDP,F,UR(W),2014
Beluguppa,Thagguparthi,Yoshodamma,TDP,M?,UR,2014
Bommanahal,BANDUR,T Venkata Bharathi,TDP,F,UR(W),2014
Bommanahal,BOLLANAGUDDAM,Kummari Gopal,TDP,M?,BC,2014
Bommanahal,BOMMANAHAL,Kothapalli Kavitha,TDP,F,UR(W),2014
Bommanahal,D.HONNUR -I,Kotigari Ramesh,YSRCP,M?,UR,2014
Bommanahal,D.HONNUR -II,R. Vanappa,YSRCP,M?,BC,2014
Bommanahal,GOVINDAWADA - I,Kavili Vemanna,TDP,M?,UR,2014
Bommanahal,GOVINDAWADA - II,M.Suresh Swamy,YSRCP,M?,UR,2014
Bommanahal,KOLAGANAHALLI,H Parvathi,TDP,F,SC(W),2014
Bommanahal,KURUVALLI,S Jaya Ram Reddy,YSRCP,M?,UR,2014
Bommanahal,LINGADAHAL,Muluguru Malli Karjuna,TDP,M?,UR,2014
Bommanahal,NEMAKALLU,Tulasamma,YSRCP,F,BC(W),2014
Bommanahal,SINGANAHALLI,Kasireddy Gari Shobha,YSRCP,F,UR(W),2014
Bommanahal,SREEDHARAGATTA,Harijana Anandha,IND,M?,SC,2014
Bommanahal,UDDEHAL,K.Padmaja,YSRCP,F,UR(W),2014
Bommanahal,UNTHAKAL,K.Vandramma,TDP,F,BC(W),2014
Bommanahal,UPPARAHAL,Urthal Parvathi,TDP,F,BC(W),2014
Bramhasamudram,Bhyrasamudram,Saradamma,TDP,F,BC(W),2014
Bramhasamudram,Bhyravanithippa,Kuruba.Anjineyulu,TDP,M?,UR,2014
Bramhasamudram,Bramhasamudram,Golla.Savitri,TDP,F,UR(W),2014
Bramhasamudram,Kannepalli,Sukanya,TDP,F,UR(W),2014
Bramhasamudram,Muppalakunta,Golla.Jyothi,TDP,F,UR(W),2014
Bramhasamudram,Palavenkatapuram,Narayanappa Vadde,TDP,M?,BC,2014
Bramhasamudram,Pillalapalli,M.Manjula,TDP,M?,SC,2014
Bramhasamudram,Rayalappadoddi,Vasanthamma,TDP,M?,UR,2014
Bramhasamudram,Santhekondapuram,Karegowd,TDP,M?,BC,2014
Bramhasamudram,Vepulaparthy,Gowdappa,TDP,M?,UR,2014
Bramhasamudram,West Kodipalli,Thimmakka,TDP,F,BC(W),2014
Bramhasamudram,Yeradikera,Uda.Anjinamma,YSRCP,F,SC(W),2014
Bukkaptnam,Agraharam,Channamma,TDP,F,UR(W),2014
Bukkaptnam,Bukkapatnam-I,Eswaramma,TDP,F,BC(W),2014
Bukkaptnam,Bukkapatnam-II,Chinthakayala Ravi,TDP,M?,UR,2014
Bukkaptnam,Bukkapatnam-III,Y. Manjula,TDP,F,UR(W),2014
Bukkaptnam,Gasikavaripalli,U. Gangadevi,YSRCP,F,SC(W),2014
Bukkaptnam,Kothakota,P. Chandra Sekhar,YSRCP,M?,BC,2014
Bukkaptnam,Krishnapuram,S. Lokeswari,TDP,F,ST(W),2014
Bukkaptnam,Marala,Sarojamma Pamudurthy,TDP,M?,UR,2014
Bukkaptnam,Narasimpalli Thanda,Avula Kesappa,TDP,M?,BC,2014
Bukkaptnam,Pamudurthy,Pamudurthy Nirmala,YSRCP,F,UR(W),2014
Bukkaptnam,Siddarampuram,Mallesappa Ballari,YSRCP,M?,UR,2014
Bukkarayasamudram,B.K.Samudram-I,B.Nagaraju,TDP,M?,UR,2014
Bukkarayasamudram,B.K.Samudram-II,Avvari Ashok Kumar,TDP,M?,UR,2014
Bukkarayasamudram,B.K.Samudram-III,Cherukuri Narayana Swami,TDP,M?,UR,2014
Bukkarayasamudram,B.K.Samudram-IV,Boya Nagalakshmi,YSRCP,M?,BC,2014
Bukkarayasamudram,B.K.Samudram-V,Jerripiti Aruna,TDP,F,BC(W),2014
Bukkarayasamudram,B.K.Samudram-VI,Adilakshmi Sake,YSRCP,F,ST(W),2014
Bukkarayasamudram,B.Kothapalli,M.Yerramma,YSRCP,F,SC(W),2014
Bukkarayasamudram,Chennam Palli,Guvvala Pedda Venkata Reddi,YSRCP,M?,UR,2014
Bukkarayasamudram,Danduvaripalli,Sake Lakshmidevi,TDP,F,SC(W),2014
Bukkarayasamudram,Dayalakuntapalli,Yanamala Lalitha,YSRCP,F,UR(W),2014
Bukkarayasamudram,GovindamPalli,Kummari Menakshi,CPI,F,BC(W),2014
Bukkarayasamudram,K.K.Agraharam,Pulla Rama Mohan,YSRCP,M?,BC,2014
Bukkarayasamudram,Korrapadu-I,Kilari Gouramma,YSRCP,F,UR(W),2014
Bukkarayasamudram,Korrapadu-II,Devarinti Suresh,YSRCP,M?,SC,2014
Bukkarayasamudram,Neelampalli,R.Narayana Swami,TDP,M?,UR,2014
Bukkarayasamudram,Podaralla,Jonnakuti Vimala,YSRCP,F,UR(W),2014
Bukkarayasamudram,Reddipalli,Chekka Lakshminarayana,YSRCP,M?,BC,2014
Bukkarayasamudram,SiddaramPuram,Pasapala Jayamma,TDP,F,UR(W),2014
Bukkarayasamudram,Venkatapuram,D.Lakshmidevamma,YSRCP,F,UR(W),2014
Chilamathur,Chilamathur - I,M. Govindamma,INC,F,BC(W),2014
Chilamathur,Chilamathur - II,G. Vinodamma,INC,F,UR(W),2014
Chilamathur,Chilamathur - III,Nanjundappa,IND,M?,UR,2014
Chilamathur,Chilamathur - IV,Venkatalakshmamma,TDP,F,SC(W),2014
Chilamathur,Demakethepalli,C. Lakshmireddy,YSRCP,M?,UR,2014
Chilamathur,Kodikonda,C. Nadiya,TDP,F,BC(W),2014
Chilamathur,Kodur - I,G. Venkatasubbamma,TDP,F,UR(W),2014
Chilamathur,kodur - II,A. Suryanarayana,YSRCP,M?,BC,2014
Chilamathur,Kodur - III,S. Chenna Krishtappa,YSRCP,M?,BC,2014
Chilamathur,Morasalapalli,S. Mounika,YSRCP,F,UR(W),2014
Chilamathur,Palagalapalli,Lakshmipathireddy,YSRCP,M?,UR,2014
Chilamathur,Settipalli,M. Praveen Kumar,TDP,M?,BC,2014
Chilamathur,Somaghatta,P. Kanthamma,YSRCP,F,BC(W),2014
Chilamathur,Tekulodu,N. Nagamani,TDP,F,UR(W),2014
Chilamathur,Veerapuram,M. Krishtappa,TDP,M?,SC,2014
CK Palli,Basampalli,P.Nallamma,YSRCP,F,SC(W),2014
CK Palli,Chennekothapalli-I,Sakunthalamma,TDP,F,UR(W),2014
CK Palli,Chennekothapalli-II,A.Amarendra,TDP,M?,BC,2014
CK Palli,Ganginepalli,U.Raju,TDP,M?,UR,2014
CK Palli,Medapuram-I,B.Narayanamma,TDP,F,BC(W),2014
CK Palli,Medapuram-II,G.Bhagyamma,TDP,F,UR(W),2014
CK Palli,Mustikovela,V.Narasimhulu,TDP,M?,UR,2014
CK Palli,Nagasamudram,S.Narasimhulu,YSRCP,M?,SC,2014
CK Palli,Nyamaddela-I,G.Lakshminarayana,YSRCP,M?,UR,2014
CK Palli,Nyamaddela-II,T.Chandrayudu,TDP,M?,BC,2014
CK Palli,Obulampalli,K.Gayathri,TDP,F,BC(W),2014
CK Palli,Pyadindi,D. Lakshmidevi,TDP,F,BC(W),2014
CK Palli,Venkatampalli,K.Lakshmidevi,TDP,F,UR(W),2014
D.Hirehal,Cherlopalli,K.Chandrakala,TDP,M?,BC,2014
D.Hirehal,Kadalur,Patil Silaja,TDP,F,UR(W),2014
D.Hirehal,Kudlur,Mulinti Linga Reddy,YSRCP,M?,UR,2014
D.Hirehal,M.Hanumapuram,S.Anjineyya,TDP,M?,UR,2014
D.Hirehal,Muradi,Boya Talari Gangadhara,TDP,M?,BC,2014
D.Hirehal,Nagalapuram,G.Venkateshulu,TDP,M?,UR,2014
Dharmavaram,Chigicherla,Butra Anjaneyulu,TDP,M?,BC,2014
Dharmavaram,Darsimala,P.Kavitha,TDP,F,UR(W),2014
Dharmavaram,Dharmapuri,Jinne Venkataramana,TDP,M?,BC,2014
Dharmavaram,Elukuntla,D.Balappa,TDP,M?,SC,2014
Dharmavaram,Gotluru-1,Etti Lakshminarasamma,TDP,F,SC(W),2014
Dharmavaram,Gotluru-2,Midatala Veeranaramma,TDP,F,BC(W),2014
Dharmavaram,Kunuthuru,B.Venugopal Reddy,TDP,M?,UR,2014
Dharmavaram,Mallakalva,R.Lingamma,TDP,F,ST(W),2014
Dharmavaram,Pothukunta,T.Narayanamma,TDP,F,BC(W),2014
Dharmavaram,Pothulanagepalli,N.Savithri,YSRCP,F,UR(W),2014
Dharmavaram,Ravulacheruvu,Gelivi Sravanthi,YSRCP,F,UR(W),2014
Dharmavaram,Regatipalli,Kesapuram Narapareddy,YSRCP,M?,UR,2014
Dharmavaram,Thummala,Gorla Ramamohan Reddy,TDP,M?,UR,2014
Gandlapenta,Chamalagondi,Bhukke. Suseelamma,TDP,F,ST(W),2014
Gandlapenta,Gandlapenta,Busanagari Padmaja,YSRCP,M?,UR,2014
Gandlapenta,Godduvelagala,Gunde Veeramanaidu,TDP,M?,UR,2014
Gandlapenta,Katarupalli,D.Gangojamma,YSRCP,F,SC(W),2014
Gandlapenta,Malameedapalli,K.Adeppa Naidu,YSRCP,M?,BC,2014
Gandlapenta,Somayajulapalli,Poreddi.Jyothi Prasanna,YSRCP,F,UR(W),2014
Gandlapenta,Veparala,G.Swetha Rani,YSRCP,F,UR(W),2014
Garladinne,Budedu,B.Yallamma,TDP,F,BC(W),2014
Garladinne,Garladinne - I,K.Chandrashekar Naidu,TDP,M?,UR,2014
Garladinne,Garladinne - II,B. Lakshmi Devi,TDP,M?,BC,2014
Garladinne,Illuru,Veeranjaneyulu,YSRCP,M?,UR,2014
Garladinne,Kalluru  - I,Adilakshmi,TDP,F,UR(W),2014
Garladinne,Kalluru  - II,Pakkiramma,TDP,F,SC(W),2014
Garladinne,Kalluru -III,Jaggala Ravi,IND,M?,BC,2014
Garladinne,Kamalapuram,K.Sreenivasulu,TDP,M?,UR,2014
Garladinne,Kanam Palli,Lakahmidevi,YSRCP,F,UR(W),2014
Garladinne,Kotanaka,Madiga Anitha,YSRCP,F,SC(W),2014
Garladinne,Marthadu - I,G. Radhamma,TDP,F,UR(W),2014
Garladinne,Marthadu - II,B.Jayalakshmi,TDP,F,BC(W),2014
Garladinne,Muntimadugu,Juturu Nirmala,TDP,F,UR(W),2014
Garladinne,Penakacherla,J.Nagaraju,TDP,M?,SC,2014
Garladinne,Yerraguntla,Eswaraiah,TDP,M?,UR,2014
Gooty,Abbedoddi,P.Mohan Das,TDP,M?,UR,2014
Gooty,Basinepalli,G.Veerabharaiah,TDP,M?,UR,2014
Gooty,Bethapalli,P.Padmavathamma,YSRCP,F,UR(W),2014
Gooty,Jakkalacheruvu,Rajamma,YSRCP,F,ST(W),2014
Gooty,Karidikonda,Ambati Narasimhulu,YSRCP,M?,BC,2014
Gooty,Kojjepalli,Dhane Nageswaramma,YSRCP,F,BC(W),2014
Gooty,Kothapeta,Nagepalli Neela Rani,TDP,F,SC(W),2014
Gooty,P.Yerragudi,Jalla Jayalakshmi,YSRCP,F,UR(W),2014
Gooty,Peddoddi,Venkatalakshmi,TDP,F,BC(W),2014
Gooty,Thurakapalli,Kuruva Sankar,TDP,M?,UR,2014
Gooty,Ubicherla,Pedda Ranganna,TDP,M?,SC,2014
Gorantla,BUDILI,Desai Nagi Reddy,YSRCP,M?,UR,2014
Gorantla,GANGAMPALLI,B.Sujathamma,TDP,F,SC(W),2014
Gorantla,GORANTLA-I,Nimmala Yuvasekhar,TDP,M?,BC,2014
Gorantla,GORANTLA-II,Nimmala Vidyadharani,TDP,M?,UR,2014
Gorantla,GORANTLA-III,D.Muniswamy,TDP,M?,ST,2014
Gorantla,GORANTLA-IV,Medara Ramadevi,YSRCP,F,UR(W),2014
Gorantla,GORANTLA-V,S.Shaheena,YSRCP,F,BC(W),2014
Gorantla,GORANTLA-VI,B.Narasimhaiah,TDP,M?,BC,2014
Gorantla,GOWNIVARIPALLI,Cheruvu Govenda Reddy,YSRCP,M?,UR,2014
Gorantla,KAMMAVARIPALLI,Gangamma.S,YSRCP,F,UR(W),2014
Gorantla,KONDAPURAM,Papireddipalli Shobhavathi,TDP,F,UR(W),2014
Gorantla,MALASAMUDRAM,Gadda Susheelamma,YSRCP,F,BC(W),2014
Gorantla,MALLAPALLI,D.Gangi Reddy,YSRCP,M?,UR,2014
Gorantla,MANDALAPALLI-I,Chintha Bhaskara Reddy,TDP,M?,UR,2014
Gorantla,MANDALAPALLI-II,Gangadri Vanavolu,TDP,M?,SC,2014
Gorantla,NARASIMPALLI,G.Ramanjinamma,YSRCP,F,BC(W),2014
Gorantla,PALASAMUDRAM,S.Sarada Bai,TDP,F,ST(W),2014
Gorantla,REDDYCHERUVU PALLI,K.Narasimhappa,TDP,M?,UR,2014
Gorantla,VADEGEPALLI,B.Manjula,TDP,F,BC(W),2014
Gorantla,VANAVOLU-I,Gadare Radhamma,YSRCP,F,UR(W),2014
Gorantla,VANAVOLU-II,M.Kamalamma,TDP,F,UR(W),2014
Gorantla,VENKATARAMANAPALLI,D.Hampaiah,TDP,M?,BC,2014
Gudibanda,Gudibanda-I,Thippeswamy,TDP,M?,SC,2014
Gudibanda,Gudibanda-II,Sreerangamma,YSRCP,F,BC(W),2014
Gudibanda,Gudibanda-III,Radhamma,YSRCP,F,BC(W),2014
Gudibanda,Gune Morubagal,Nagarajappa,TDP,M?,SC,2014
Gudibanda,Jambulabanda,T. Sowbhagyalakshmi,TDP,F,UR(W),2014
Gudibanda,Karikera,A. Sanneerappa,TDP,M?,UR,2014
Gudibanda,Konkallu,R. Manjamma,YSRCP,F,SC(W),2014
Gudibanda,Kumbaranagepalli,B. Bhojaraju,TDP,M?,UR,2014
Gudibanda,Mandalapalli-I,S. Hanumantharayudu,TDP,M?,UR,2014
Gudibanda,Mandalapalli-II,Thippamma,TDP,F,SC(W),2014
Gudibanda,Morubagal-I,Manjamma,TDP,F,BC(W),2014
Gudibanda,Morubagal-II,Umadevi,TDP,F,UR(W),2014
Gudibanda,Muthukuru,K. Prakash,TDP,M?,BC,2014
Gudibanda,Rallapalli,M. Reshmabhanu,TDP,F,UR(W),2014
Gudibanda,Sankaragallu,Bhaskar,YSRCP,M?,BC,2014
Gummagatta,Bhupasamudram,Erriswamy,TDP,M?,SC,2014
Gummagatta,Galagala,Hemakka,YSRCP,F,UR(W),2014
Gummagatta,Gollapalli,H.Maalashri,TDP,F,SC(W),2014
Gummagatta,Gonbhavi,Chinna Anumakka,TDP,F,BC(W),2014
Gummagatta,Gummagatta,Kuruba Girimallappa,TDP,M?,BC,2014
Gummagatta,Kalugodu-I,Talari Sukanya,YSRCP,F,UR(W),2014
Gummagatta,kalugodu-II,N.Govindudu,TDP,M?,UR,2014
Gummagatta,Marempalli,K.Marekka,TDP,F,BC(W),2014
Gummagatta,Netrapalli,Kotla Hanumantahappa,TDP,M?,BC,2014
Gummagatta,Pulakunta,Pujari Palaiah,TDP,M?,UR,2014
Gummagatta,Rangasamudram,Sujatha,TDP,F,SC(W),2014
Gummagatta,Sirigedoddi,N.Lingappa,TDP,M?,UR,2014
Gummagatta,Tallakera-I,Boya Eshwarapp,TDP,M?,BC,2014
Gummagatta,Tallakera-II,Golla Kariyamma,YSRCP,F,BC(W),2014
Guntakal,AYYAVARIPALLI,S.Naraynamma,TDP,F,BC(W),2014
Guntakal,DANCHERLA,K.Sunkamma,YSRCP,F,BC(W),2014
Guntakal,DOSALUDIKI,C.Narayanaswamy,YSRCP,M?,BC,2014
Guntakal,G.KOTTALA,Allu Sreenivasulu,TDP,M?,UR,2014
Guntakal,KASAPURAM,K.Vaidehi,TDP,F,UR(W),2014
Guntakal,KONGANAPALLI,Savithramma,TDP,F,SC(W),2014
Guntakal,MOLAKALAPENTA,H.Adi Narayana,TDP,M?,SC,2014
Guntakal,N.VENKATAMPALLI,Sugali Pushpalatha,TDP,F,ST(W),2014
Guntakal,NAGASAMUDRAM,S.Muniswamy,TDP,M?,UR,2014
Guntakal,NAKKANADODDI,R.Ramaiah,TDP,M?,UR,2014
Guntakal,NELAGONDA,P.Bhagyamma,YSRCP,F,BC(W),2014
Guntakal,PATHA KOTHACHERUVU,M.Mallikarjuna,YSRCP,M?,BC,2014
Guntakal,Y.T.CHERUVU,Lakshmidevi,YSRCP,F,UR(W),2014
Hindupur,BALAMPALLI,Subashini,TDP,F,UR(W),2014
Hindupur,BEVINAHALLI,Subhadramma.D,TDP,M?,UR,2014
Hindupur,CHALIVENDALA,Ediga Narasimhappa.E,YSRCP,M?,BC,2014
Hindupur,CHOWLUR-I,Usharani.K.B,TDP,F,BC(W),2014
Hindupur,CHOWLUR-II,Shanthamma.L,TDP,F,BC(W),2014
Hindupur,GOLLAPURAM,Suneethamma.C.R,YSRCP,M?,BC,2014
Hindupur,KAGGALLU,Narayanappa.B,TDP,M?,BC,2014
Hindupur,KIRIKERA-I,Anjineyulu.M,IND,M?,BC,2014
Hindupur,KIRIKERA-II,Hanumakka,YSRCP,F,SC(W),2014
Hindupur,KIRIKERA-III,Lakshmidevi,YSRCP,F,BC(W),2014
Hindupur,KOTIPI,Gangaratnamma,TDP,F,BC(W),2014
Hindupur,M.BEEREPALLI,Subbayya,TDP,M?,SC,2014
Hindupur,MALUGURU,Ramakristappa,TDP,M?,BC,2014
Hindupur,SANTEBIDANUR,Dhanalakshmi,TDP,F,BC(W),2014
Hindupur,THUMUKUNTA,Sarojamma,YSRCP,F,SC(W),2014
Kadiri,CHALAMAKUNTLAPALLI,Poreddy Sireesha,YSRCP,F,UR(W),2014
Kadiri,EGUVAPALLI,Bukya Ramurthi Naik,TDP,M?,ST,2014
Kadiri,KADIRI BRAHMANAPALLI,T. Radha,TDP,M?,ST,2014
Kadiri,KADIRI RURAL-1,K. Sarada,TDP,M?,BC,2014
Kadiri,KADIRI RURAL-2,Mallikonda Ramanamma,TDP,F,ST(W),2014
Kadiri,KALASAMUDRAM,Poganuru Lalithamma,TDP,M?,UR,2014
Kadiri,MOTUKUPALLI,Katikala Suryanarayanamma,YSRCP,F,SC(W),2014
Kadiri,MUTHYALACHERUVU,Aluganti Lakshmi Devi,TDP,M?,BC,2014
Kadiri,PATNAM,Patnam Rama Krishnamma,YSRCP,M?,UR,2014
Kadiri,YERRADODDI,THOTA LAKSHMI,YSRCP,M?,UR,2014
Kalyandurg,BORAMPALLI,Yallakka,YSRCP,F,SC(W),2014
Kalyandurg,CHAPIRI,G.Lalithamma,TDP,F,BC(W),2014
Kalyandurg,DURADKUNTA,N.Dona Thimma,TDP,M?,UR,2014
Kalyandurg,EAST KODIPALLI,Mutyalamma,TDP,F,BC(W),2014
Kalyandurg,GARUDAPURAM,Marekka,TDP,F,ST(W),2014
Kalyandurg,GOLLA,Boya.Venkatesulu,TDP,M?,UR,2014
Kalyandurg,HULIKALLU,K.Palamma,TDP,F,UR(W),2014
Kalyandurg,KOTHURU,K.G.Manjula,TDP,M?,SC,2014
Kalyandurg,MANIREVU,M.Laxmidevi,TDP,F,UR(W),2014
Kalyandurg,MUDDINAYANAPALLI,Gangamma,TDP,F,UR(W),2014
Kalyandurg,NARAYANAPURAM,Chandramihan,TDP,M?,BC,2014
Kalyandurg,PALAVOI,Govindappa,TDP,M?,UR,2014
Kalyandurg,THIMMASAMUDRAM,Adeppa,TDP,M?,UR,2014
Kambadur,1.Mulakanur,H.Marenna,TDP,M?,SC,2014
Kambadur,10.Kambadur-I,Suresh,TDP,M?,BC,2014
Kambadur,11.Kambadur-II,S.Habeeb,TDP,M?,BC,2014
Kambadur,12.Kambadur-III,T.Siddalingamma,TDP,F,BC(W),2014
Kambadur,13.Kambadur-IV,Lakshmamma,TDP,F,SC(W),2014
Kambadur,14.Thimmapuram-I,K.Suvarnamma,TDP,F,UR(W),2014
Kambadur,15.Thimmapuram-II,Bharathi,TDP,F,SC(W),2014
Kambadur,2.Marrimakulapalli,Nagaraju,YSRCP,M?,SC,2014
Kambadur,3.Pallur,T.Govinda Chowdari,IND,M?,UR,2014
Kambadur,4.Gollapalli,S.Sreedevi,TDP,F,ST(W),2014
Kambadur,5.Nuthimadugu,A.Lakshminarayana,TDP,M?,UR,2014
Kambadur,6.Karthanaparthi,B.Ramanjineyulu,TDP,M?,UR,2014
Kambadur,7.Rallaananthapuram,Lakshmidevi,YSRCP,F,UR(W),2014
Kambadur,8.Chennampalli,T.Obamma,TDP,F,BC(W),2014
Kambadur,9.Kurakulapalli,T.Lakshmidevi,TDP,F,BC(W),2014
Kanaganapalli,Daduluru,Balanna Gari Ramanjineyulu,YSRCP,M?,SC,2014
Kanaganapalli,Elakuntla,Bille Rajendra,TDP,M?,BC,2014
Kanaganapalli,K.N.Palyam,Jogi Anjinappa,TDP,M?,BC,2014
Kanaganapalli,Kanaganapalli,Bille Gangamma,YSRCP,F,BC(W),2014
Kanaganapalli,Konapuram,Punnam Venkatarami Reddy,TDP,M?,UR,2014
Kanaganapalli,Maddelacheruvu,Gangula Sudheer Reddy,YSRCP,M?,UR,2014
Kanaganapalli,Mamillapalli,T.Sarojamma,YSRCP,F,UR(W),2014
Kanaganapalli,Muthavakuntla,Sariputi Padmageetha,YSRCP,F,UR(W),2014
Kanaganapalli,Thagarakunta,B.Thrayambakeswari,YSRCP,F,UR(W),2014
Kanaganapalli,Thumucherla,Eswaramma,TDP,F,BC(W),2014
Kanaganapalli,Vepakunta,Enumula Mallakka,TDP,F,SC(W),2014
Kanekal,BENIKAL,J.J.T Prabhakar Reddy,YSRCP,M?,UR,2014
Kanekal,BRAMHASAMUDRAM,Papannagari Lavanya,TDP,F,BC(W),2014
Kanekal,GANIGERA,Gujjala Gangappa,YSRCP,M?,BC,2014
Kanekal,Garudachedu,P.Nagaveni,IND,F,UR(W),2014
Kanekal,HANAKANAHAL,V.Sujatha,TDP,F,BC(W),2014
Kanekal,HULIKERA,Ramanjinamma,TDP,F,UR(W),2014
Kanekal,JAKKALVADIKI,R.Anasuyamma,TDP,F,BC(W),2014
Kanekal,KALEKURTHI,Usha Rani,YSRCP,M?,UR,2014
Kanekal,KANEKAL - II,Fakruddinsab,TDP,M?,UR,2014
Kanekal,KANEKAL - III,Nabirasul,TDP,M?,BC,2014
Kanekal,KANEKAL - IV,M.Savithri,TDP,M?,BC,2014
Kanekal,KANEKAL - V,Harijana Lakshmi,YSRCP,F,SC(W),2014
Kanekal,KANEKAL- I,Pathimabi,TDP,M?,UR,2014
Kanekal,MALYAM,Jyothamma,TDP,F,UR(W),2014
Kanekal,N.Hanumapuram,Anjinamma,TDP,F,BC(W),2014
Kanekal,SOLLAPURAM,Harijana Anjali,YSRCP,F,SC(W),2014
Kanekal,THUMBIGANURU,Devamma,TDP,M?,UR,2014
Kanekal,YERRAGUNTA - II,Vandrappa,TDP,M?,SC,2014
Kanekal,YERRAGUNTA- I,Lingamma,TDP,F,UR(W),2014
Kothacheruvu,Bandlapalli,B. Sunitha,TDP,F,UR(W),2014
Kothacheruvu,Byrapuram,Surapaneni Sudhakar,TDP,M?,UR,2014
Kothacheruvu,Iragampalli,S. Jayaram,YSRCP,M?,UR,2014
Kothacheruvu,Kesapuram,C. Nagulappa,TDP,M?,BC,2014
Kothacheruvu,Kodapaganipalli,G. Dhanunjaya,TDP,M?,UR,2014
Kothacheruvu,Kothacheruvu-I,M. Farida Banu,YSRCP,F,UR(W),2014
Kothacheruvu,Kothacheruvu-II,S. Vani,TDP,M?,UR,2014
Kothacheruvu,Kothacheruvu-III,M. Adilakshmi,TDP,F,BC(W),2014
Kothacheruvu,Meerjapuram,N. Lalithamma,YSRCP,F,UR(W),2014
Kothacheruvu,Pothulakunta,J. Santhamma,YSRCP,F,UR(W),2014
Kothacheruvu,Talamarla,C. Dhanlakshmi,YSRCP,F,SC(W),2014
Kudair,Cholasamudram,Jenne Lakshminarayana,TDP,M?,SC,2014
Kudair,Gotukur,Bandi Sivamma,YSRCP,M?,BC,2014
Kudair,Ipperu,Avula Sujatha,TDP,F,UR(W),2014
Kudair,Kammur,Pilligovula Neelavathi,TDP,F,BC(W),2014
Kudair,Korrakodu,Bandur Patil Rajasekhar,YSRCP,M?,UR,2014
Kudair,Kuderu,Pujari Muthyalakka,YSRCP,F,SC(W),2014
Kudair,Kuderu - I,Kondapalli Maheswari,YSRCP,M?,UR,2014
Kudair,Marutla,Pothurai Lakshmi,TDP,F,BC(W),2014
Kudair,P.Narayanapuram,Sake Sunitha,YSRCP,F,ST(W),2014
Kudair,Thimmapuram,Mannala Lakshmidevi,YSRCP,F,UR(W),2014
Kudair,Udiripikonda,S. Umamaheswari,YSRCP,M?,UR,2014
Kundurpi,Appilepalli,C.Shafi Sab,TDP,M?,BC,2014
Kundurpi,Basapuram,Nagarathnamma,YSRCP,F,SC(W),2014
Kundurpi,Bestharapalli,Jayamma Ule,TDP,F,BC(W),2014
Kundurpi,Jambhugumpala,G.Ravi,TDP,M?,UR,2014
Kundurpi,Kundurpi -I,Lakshmi Devi,TDP,F,UR(W),2014
Kundurpi,Kundurpi -II,Siddapuram Manjamma,YSRCP,F,UR(W),2014
Kundurpi,Mahanthapuram,Nagamani,TDP,F,BC(W),2014
Kundurpi,Malayanur-I,A.Nagaraju,YSRCP,M?,SC,2014
Kundurpi,Malayanur-II,Santhosh Malleppa Gari,YSRCP,M?,UR,2014
Kundurpi,Nijavalli,Bommakka,YSRCP,F,UR(W),2014
Kundurpi,Tenagal,Gavi Sidda,TDP,M?,BC,2014
Kundurpi,Thumukunta,V.Thippeswamy,TDP,M?,UR,2014
Kundurpi,Yenumuladoddi-I,Harijana Deenamma,TDP,F,SC(W),2014
Kundurpi,Yenumuladoddi-II,K.Basavaraj,TDP,M?,UR,2014
Kundurpi,Yerragunta,Kuruba Marekka,TDP,F,BC(W),2014
Lepakshi,Cholasamudram,P Manjula,TDP,F,UR(W),2014
Lepakshi,Kalluru,C Usha,TDP,F,UR(W),2014
Lepakshi,Kanchisamudram,M Srinivas Reddy,YSRCP,M?,UR,2014
Lepakshi,Kodipalli,K Indiramma,TDP,F,BC(W),2014
Lepakshi,Konduru,C Savithri,TDP,F,UR(W),2014
Lepakshi,Lapakshi I,M Chalapathi,IND,M?,UR,2014
Lepakshi,Lapakshi II,V Hnok,TDP,M?,SC,2014
Lepakshi,Lapakshi III,B China Obanna,TDP,M?,UR,2014
Lepakshi,Lapakshi IV,Kt Nagabhushanappa,TDP,M?,BC,2014
Lepakshi,Manepalli,K Manjula,TDP,F,SC(W),2014
Lepakshi,Mydugolam,Jabbene Bee,YSRCP,F,BC(W),2014
Lepakshi,Pulamathi,Bodannagari Narsimhappa,TDP,M?,BC,2014
Lepakshi,Shirivaram,Mn Vani,TDP,F,BC(W),2014
Madakasira,Amidalagondhi- I,K.Sridevi,TDP,F,UR(W),2014
Madakasira,Amidalagondhi- II,Gangadharappa,TDP,M?,SC,2014
Madakasira,Bullasamudram,Narasegoud,TDP,M?,UR,2014
Madakasira,C.Kodigepalli,E.Aurna,TDP,F,UR(W),2014
Madakasira,Chandakachrala,Bojjappa,TDP,M?,UR,2014
Madakasira,Chatram,R.Nanjundeswara,TDP,M?,SC,2014
Madakasira,Gangulavaipalyam,Saradamma,INC,F,BC(W),2014
Madakasira,Govindapuram,Ddhanalakshmamma,TDP,F,BC(W),2014
Madakasira,Gowdanahalli,Padmakka,TDP,F,BC(W),2014
Madakasira,Haresamudram,Aswathamappa,TDP,M?,UR,2014
Madakasira,Kadirepalli,Chikkannagari Ramappa,TDP,M?,BC,2014
Madakasira,Kallumarri,Mala Jayamma,INC,F,SC(W),2014
Madakasira,Kotha Gundumala,Bheemakka,TDP,F,ST(W),2014
Madakasira,Manur,Narasamma,TDP,F,SC(W),2014
Madakasira,Melavai,Lakshminarayana,TDP,M?,BC,2014
Madakasira,R.Anantapuram,Guduva Narasaiahgari  Rangamma,TDP,F,UR(W),2014
Madakasira,Y.B.Halli,Y.T.Rammohan reddy,TDP,M?,UR,2014
Mudigubba,Chinnakotla,Agile Sunitamma,YSRCP,M?,UR,2014
Mudigubba,Dorigallu-I,Chimala Kullayappa,TDP,M?,UR,2014
Mudigubba,Dorigallu-II,B.Lakshmi Devi,TDP,F,ST(W),2014
Mudigubba,Dorigallu-III,Bandi Sivanaramma,YSRCP,F,BC(W),2014
Mudigubba,Jonnala Kothapalli,Butra Ramanjaneyulu,YSRCP,M?,BC,2014
Mudigubba,Kodavandlapalli,Chintala Reddygari Brundamma,YSRCP,F,UR(W),2014
Mudigubba,Kondagattupalli,Pottipati Lakshmidevi,YSRCP,F,UR(W),2014
Mudigubba,Malakavemala,K.Subhashini,YSRCP,F,UR(W),2014
Mudigubba,Mallepalli-I,Upparlapalli Pullamma,YSRCP,F,SC(W),2014
Mudigubba,Mallepalli-II,Nallbapineni Sivamma,YSRCP,F,BC(W),2014
Mudigubba,Mudigubba-I,A.Sarada,IND,M?,UR,2014
Mudigubba,Mudigubba-II,Veluri Malathi,YSRCP,F,UR(W),2014
Mudigubba,Mudigubba-III,Gundralla Narayana Swamy,YSRCP,M?,SC,2014
Mudigubba,Mukthapuramu,D.Venkatesh,TDP,M?,UR,2014
Mudigubba,Peddachigulla Revue,Midde Adi Narayana,YSRCP,M?,UR,2014
Mudigubba,Podarallapalli,Banoth Manjula Bai,YSRCP,M?,ST,2014
Mudigubba,Sankepalli,G.Bhagyamma,TDP,F,UR(W),2014
Nallacheruvu,ALLUGUNDU,Bole Radha,TDP,F,UR(W),2014
Nallacheruvu,K.PULAKUNTA,Edagottu Ramanappa,YSRCP,M?,UR,2014
Nallacheruvu,NALLACHERUVU - II,Thaticherla Mabu Sab,TDP,M?,UR,2014
Nallacheruvu,NALLACHERUVU- I,Enugonda Lalithamma,YSRCP,F,UR(W),2014
Nallacheruvu,ORUVAI,Pyayala Saileela,YSRCP,F,BC(W),2014
Nallacheruvu,P.KOTHA PALLI,Bommireddy Gangulamma,YSRCP,F,UR(W),2014
Nallacheruvu,TALAMARLAVANDLA PALLI,Jalipigari Parvathi,TDP,F,SC(W),2014
Nallacheruvu,TAVALAMARRI,Kondreddy Siva Reddy,YSRCP,M?,UR,2014
Nallacheruvu,UBICHERLA,Sadum Mahaboob Basha,TDP,M?,BC,2014
Nallamada,Charupalli,P.Venkatarangareddy,TDP,M?,UR,2014
Nallamada,Donnikota,P.Vijayamma,YSRCP,M?,UR,2014
Nallamada,Gopepalli,V.Bramhanandareddy,YSRCP,M?,UR,2014
Nallamada,Kurumala,S.Habee Babi,TDP,F,UR(W),2014
Nallamada,Nallamada - I,M.Sivasankar,TDP,M?,UR,2014
Nallamada,Nallamada - II,K.M.Chandrayudu,TDP,M?,BC,2014
Nallamada,Nallamada -III,E.Peeramma,YSRCP,F,ST(W),2014
Nallamada,P.B.Palli,K.Sukanya,YSRCP,F,UR(W),2014
Nallamada,Pulagampalli,K.Nirmaladevi,YSRCP,F,BC(W),2014
Nallamada,Reddipalli,S.Chandrakala,YSRCP,F,UR(W),2014
Nallamada,Vankarakunta,M.Nageswara,TDP,M?,SC,2014
Nallamada,Vellamadi,P.Sreenivasulu,YSRCP,M?,UR,2014
Narpala,B.Pappuru,Cheemala Lakshminarayanamma,TDP,F,SC(W),2014
Narpala,Bandlapalli,Talari Kullayappa,TDP,M?,BC,2014
Narpala,Bondalawada,Konanki Lakshmidevi,TDP,F,UR(W),2014
Narpala,Chamaluru,Bhavamma,TDP,F,UR(W),2014
Narpala,Dugumarri,Kovuri Kalavathi,YSRCP,F,UR(W),2014
Narpala,Gaddamnagepalli,Talari Thippanna,TDP,M?,UR,2014
Narpala,Ganganapalli,Manjula Lakshmidevi,YSRCP,F,BC(W),2014
Narpala,Gugudu,S.K.Sabeera,YSRCP,F,UR(W),2014
Narpala,H.Sodanapalli,Loknath Akula,TDP,M?,UR,2014
Narpala,Kesepalli,Bandi Nagaraju,TDP,M?,BC,2014
Narpala,Narpala-I,Sake Venugopal,TDP,M?,SC,2014
Narpala,Narpala-II,Narpala Swathi Latha,YSRCP,M?,UR,2014
Narpala,Narpala-III,Akula Anjaneyulu,TDP,M?,UR,2014
Narpala,Narpala-IV,Akula Aruna,TDP,M?,UR,2014
Narpala,Narpala-V,Mankini Vijayalakshmi,YSRCP,F,BC(W),2014
Narpala,Venkatampalli,Arigela Nallamma,TDP,F,SC(W),2014
NP Kunta,Balijapalli,M.Suseelamma,YSRCP,F,UR(W),2014
NP Kunta,Dhaniyancheruvu,Dudise Narayanappa,TDP,M?,BC,2014
NP Kunta,Edurudona,Yeddula Vedavathi,TDP,F,UR(W),2014
NP Kunta,M.K.Dinne,V. Nagamma,TDP,M?,UR,2014
NP Kunta,N.P.Kunta - II,N.Ravanamma,TDP,F,SC(W),2014
NP Kunta,N.P.Kunta-I,Shake Maqbul Bee,YSRCP,F,UR(W),2014
NP Kunta,P.Kothapalli,K.Gangulamma,TDP,F,UR(W),2014
NP Kunta,T.N.Palli,Pappi Reddy Powl Reddy,TDP,M?,UR,2014
NP Kunta,Velichelamala,V.Ramanamma,TDP,F,ST(W),2014
OD Cheruvu,Allapalli,Gurukulam Sreenivasa Reddy,YSRCP,M?,UR,2014
OD Cheruvu,Chithamanipalli,Boyapati Jaganmohan Chowdary,YSRCP,M?,UR,2014
OD Cheruvu,Daburuvaripalli,Kuppanagari Lakshmipathireddy,YSRCP,M?,UR,2014
OD Cheruvu,Inagaloore,Usharani. N,TDP,F,UR(W),2014
OD Cheruvu,Kondakamarla-I,G.Md.Ismail,TDP,M?,BC,2014
OD Cheruvu,Kondakamarla-II,Jayammagari Nagireddy,TDP,F,UR(W),2014
OD Cheruvu,Mittapalli,Vangireddy. Saraswa Thamma,YSRCP,F,UR(W),2014
OD Cheruvu,O.D.Cheruru-1,Boddu Aruna,YSRCP,F,BC(W),2014
OD Cheruvu,O.D.Cheruru-2,Bhukya Thulasi Bai,TDP,F,ST(W),2014
OD Cheruvu,Sunnampalli,Gudisipalli Ganganna,TDP,M?,SC,2014
OD Cheruvu,Thangedukunta,Reddivaripalli Arunamma,TDP,F,SC(W),2014
OD Cheruvu,Thippepalli,Yeddula Indiramma,TDP,F,UR(W),2014
OD Cheruvu,Thummalakuntlapalli,Yarramaneni Sankar  Naidu,TDP,M?,UR,2014
OD Cheruvu,Venkatapuram,Mallem Somusekhar,YSRCP,M?,BC,2014
Pamidi,Devrapalli,Ramanjinamma,TDP,F,SC(W),2014
Pamidi,Eddulapalli,Gandi Kota Jaya Kumar,TDP,M?,BC,2014
Pamidi,Edururu,Nageswaramma,TDP,M?,UR,2014
Pamidi,Gajaram Palli,Padmavathi,YSRCP,F,ST(W),2014
Pamidi,Khadara Peta,Peramasani Lakshamma,TDP,M?,UR,2014
Pamidi,Palyam Thanda,Gurram Sumithramma,TDP,M?,UR,2014
Pamidi,Ramagiri,B.Rajini,YSRCP,F,BC(W),2014
Pamidi,Vankaraju Kaluva,Dasari Ramudu,TDP,M?,BC,2014
Parigi,Beechiganipalli,S.Suvarnamma,IND,F,UR(W),2014
Parigi,Honnampalli,Anjinamma,TDP,F,BC(W),2014
Parigi,Kodigenahalli -I,M.Kristappa,TDP,M?,UR,2014
Parigi,Kodigenahalli -II,A.Lakshminarayana,TDP,M?,BC,2014
Parigi,Kodigenahalli -III,D.Venkataramana Swamy,TDP,M?,UR,2014
Parigi,Kodigenahalli -IV,P.Sathyanarayana,TDP,M?,BC,2014
Parigi,Moda -I,N.Kumar,TDP,M?,UR,2014
Parigi,Moda -II,B.Gopi,TDP,M?,SC,2014
Parigi,Moda -III,C.Aruna,YSRCP,F,SC(W),2014
Parigi,P.Narasapuram,M.Shilpa,TDP,F,BC(W),2014
Parigi,Parigi -I,V.Chowdappa,TDP,M?,BC,2014
Parigi,Parigi -II,K.Parvathamma,TDP,F,UR(W),2014
Parigi,Sasanakota,U.G.Sreenivasulu,TDP,M?,UR,2014
Parigi,Seegipalli,E.Rathnamma,TDP,F,BC(W),2014
Parigi,Sreerangarajupalli -I,G.Anitha,TDP,F,SC(W),2014
Parigi,Sreerangarajupalli-II,K.Nagamma,TDP,F,UR(W),2014
Parigi,Utakur,S.N.Rama Lakshmamma,TDP,F,UR(W),2014
Peddapappur,Ammalladinne,Badiginchala. Nagarathnamma,TDP,F,BC(W),2014
Peddapappur,Chinnayakkalur,Diddekunta Narayanappa,YSRCP,M?,BC,2014
Peddapappur,Jutur,Asadu. Chinnakatamaiah,TDP,M?,SC,2014
Peddapappur,Muchukota,Rodda Suneetha,YSRCP,F,BC(W),2014
Peddapappur,Narasapuram,Peddakotla Subadramma,TDP,M?,UR,2014
Peddapappur,Pasalur,Gorthi Sreenivasulu,TDP,M?,UR,2014
Peddapappur,Peddapappur,Pulicherla Somaraju,TDP,M?,UR,2014
Peddapappur,Peddayakkalur,Lodugureddy Aruna,YSRCP,F,UR(W),2014
Peddapappur,Somanapalli,Lingutla Padmavathi,TDP,F,UR(W),2014
Peddapappur,Tabjula,K.Adilakshmi,TDP,F,SC(W),2014
Peddavadugur,Appecherla,Lakshminarayana,TDP,M?,BC,2014
Peddavadugur,Chitrachedu,K. Girappa,TDP,M?,SC,2014
Peddavadugur,Dimmagudi,Makireddy Mohan Reddy,YSRCP,M?,UR,2014
Peddavadugur,Gooty Anantapuramu,Mudiyam Muthyala Reddy,YSRCP,M?,UR,2014
Peddavadugur,Kristipadu - 2,R. Bhargavi,YSRCP,F,UR(W),2014
Peddavadugur,Kristipadu - 3,G. Ramadevi,YSRCP,F,SC(W),2014
Peddavadugur,Lakshum Palli,A. Varalakshmi,YSRCP,F,BC(W),2014
Peddavadugur,Medimakula Palli,G. Prabhavathi,YSRCP,F,UR(W),2014
Peddavadugur,Peddavadugur - 1,E. Eramma,YSRCP,F,BC(W),2014
Peddavadugur,Peddavadugur - 2,Talari Lakshminarayana,TDP,M?,BC,2014
Peddavadugur,Penakalapadu,K. Leelavathi,TDP,M?,UR,2014
Peddavadugur,Ravuludiki,Y. Nageswaramma,YSRCP,F,UR(W),2014
Peddavadugur,Virupapuram,K.Devamma,TDP,F,UR(W),2014
Penukonda,Duddebanda,J.Ramamohan Reddy,YSRCP,M?,UR,2014
Penukonda,Guttur,G.Yashodamma,TDP,F,UR(W),2014
Penukonda,Konapuram,B.Anitha,YSRCP,F,UR(W),2014
Penukonda,Kurubavandlapalli,H.Naagamma,TDP,F,SC(W),2014
Penukonda,Mavatur,M.Jayamma,TDP,F,UR(W),2014
Penukonda,Munimadugu,V.Nagappa,YSRCP,M?,SC,2014
Penukonda,Nagalur,P.Hanumantha Reddy,TDP,M?,UR,2014
Penukonda,Penukonda-I,G.Ajai Kumar Reddy,YSRCP,M?,UR,2014
Penukonda,Penukonda-II,D.M.D. Umar Farooq,YSRCP,M?,BC,2014
Penukonda,Penukonda-III,A.Rahamthulla,YSRCP,M?,BC,2014
Penukonda,Penukonda-IV,P.Shahanaz,YSRCP,M?,UR,2014
Penukonda,Penukonda-V,G.Murali Mohan,YSRCP,M?,UR,2014
Penukonda,Penukonda-VI,M.Ramanamma,TDP,M?,BC,2014
Penukonda,Rampuram,Ramanjinamma,TDP,F,ST(W),2014
Penukonda,Settipalli,D.Ciddaiah,TDP,M?,UR,2014
Penukonda,Venkatareddypalli,B.Joythi Jagannath,TDP,F,UR(W),2014
Putlur,Arakatavemula,Yallamma,TDP,F,SC(W),2014
Putlur,Doseledu,Gangadevipalli Munemma,TDP,F,BC(W),2014
Putlur,Kadavakallu,Motati Jayasree,TDP,F,UR(W),2014
Putlur,Komatikunla,Chavva Polirerddy,YSRCP,M?,UR,2014
Putlur,Kummanamala,V.Nadipiramanjaneyulu,YSRCP,M?,SC,2014
Putlur,Maddipalli,Yarragolla Eswaramma,YSRCP,F,BC(W),2014
Putlur,Putlur,Bhumireddy Sunitha,YSRCP,M?,UR,2014
Putlur,S.Vengannapalli,Kummetha Sujatha,TDP,M?,UR,2014
Putlur,Sanagalguduru,Bhajantri Subbarayudu,IND,M?,BC,2014
Putlur,Surepalli,Madineni Anuradha,TDP,F,UR(W),2014
Putlur,Yellutla,Pidapa Swrswathi,YSRCP,F,UR(W),2014
Puttaparthy,Amagondapalem,Y.Kalpana,TDP,F,UR(W),2014
Puttaparthy,Cherlopalli,M.Suseela,YSRCP,F,ST(W),2014
Puttaparthy,Jagarajupalli,A.Kamalamma,TDP,M?,UR,2014
Puttaparthy,Nidimamidi,H.Lakshmi Devi,TDP,F,SC(W),2014
Puttaparthy,Pedapalli-I,A.Usha Rani,YSRCP,F,UR(W),2014
Puttaparthy,Pedapalli-II,M.Bommaiah,TDP,M?,BC,2014
Puttaparthy,Rachuvari palli,Namburi Rangappa,TDP,M?,UR,2014
Puttaparthy,Vengalammacheruvu,R.Ramadevi,TDP,M?,UR,2014
Ramagiri,GANTHIMARRI,Anjaneyulu,TDP,M?,UR,2014
Ramagiri,KONDAPURAMU,Baavakka,YSRCP,F,SC(W),2014
Ramagiri,KUNTIMADDI,Mallela Vani,YSRCP,F,BC(W),2014
Ramagiri,M.C.PALLI,Golla Ramanjanamma,TDP,F,BC(W),2014
Ramagiri,MADAPURAMU,Ramanjaneyulu,TDP,M?,BC,2014
Ramagiri,NASANAKOTA,Kuraba Naga Ratnamma,TDP,F,UR(W),2014
Ramagiri,PERURU-I,B.G.Anjaneyulu,TDP,M?,UR,2014
Ramagiri,PERURU-II,S.Syamala,TDP,F,UR(W),2014
Ramagiri,POLEPALLI,M.Nagaraju,TDP,M?,SC,2014
Ramagiri,RAMAGIRI,Parandhama,TDP,M?,BC,2014
Rapthadu,Bommeparthy,Vanam Naganjinamma,YSRCP,F,BC(W),2014
Rapthadu,Gondireddypalli,S.Sainatha Naidu,TDP,M?,UR,2014
Rapthadu,Hampapuram,Y.Anjineyulu,TDP,M?,SC,2014
Rapthadu,M.Bandameedapalli,D.V.Prasad,TDP,M?,UR,2014
Rapthadu,M.Cherlopalli,Kapadam Naganna,YSRCP,M?,UR,2014
Rapthadu,Marur,G.Lakshmidevi,TDP,F,UR(W),2014
Rapthadu,Palacherla,Bandi Ramankathamma,YSRCP,F,BC(W),2014
Rapthadu,Prasannayapalli-I,Velpula Lakshmi,YSRCP,F,UR(W),2014
Rapthadu,Prasannayapalli-II,Bhumireddy Radha,YSRCP,F,UR(W),2014
Rapthadu,Rapthadu,G.Parandhama,TDP,M?,BC,2014
Rapthadu,Yerragunta,M.Kullayamma,TDP,F,SC(W),2014
Rayadurg,74 Udegolam,Kummari Purushotham,TDP,M?,UR,2014
Rayadurg,Avuladatla,H.Eswaramma,YSRCP,M?,SC,2014
Rayadurg,Baginayanakahalli,G.Ramanjineyulu,TDP,M?,BC,2014
Rayadurg,Bondanakal,Konthanapalli Yerramma,TDP,F,BC(W),2014
Rayadurg,D.Kondapuramu,Ananthamma,YSRCP,F,BC(W),2014
Rayadurg,Junjurampalli,M.Suresh,YSRCP,M?,BC,2014
Rayadurg,Kenchanapalli,Ramesh Babu,TDP,M?,UR,2014
Rayadurg,MECHIRI,S.Mothibai,YSRCP,F,ST(W),2014
Rayadurg,Nagireddypalli,N.Thimmakka,TDP,F,BC(W),2014
Rayadurg,Pallepalli,Lakshmi,YSRCP,F,SC(W),2014
Rayadurg,T.Veerapuramu,Bharathi,YSRCP,F,UR(W),2014
Rayadurg,Vadrahonnur,Kuruba Bheemappa,YSRCP,M?,BC,2014
Roddam,Cholemarri,B.Parvathamma,TDP,F,UR(W),2014
Roddam,Dodagatta,A.Nirmala,TDP,F,UR(W),2014
Roddam,Kalipi,Dalavatam Anasuyamma,TDP,F,UR(W),2014
Roddam,Kambalapalli,Nagaraju,TDP,M?,UR,2014
Roddam,M.Kothapalli,Narasamma,TDP,F,SC(W),2014
Roddam,Nalluru,C.Sriramappa,TDP,M?,UR,2014
Roddam,Narnagepalli,Sivamma,TDP,F,SC(W),2014
Roddam,Peddamanthuru,D.Anjinamma,TDP,F,BC(W),2014
Roddam,R.Locherla,H.Padma,TDP,M?,BC,2014
Roddam,Reddipalli,Kanthamma,TDP,F,BC(W),2014
Roddam,Roddam - I,A.Narayanappa,TDP,M?,UR,2014
Roddam,Roddam - II,G.Narayanappa,TDP,M?,SC,2014
Roddam,Roddam - III,U.Narsimhulu,TDP,M?,UR,2014
Roddam,Sanipalli,K.V.Muthyalamma,TDP,F,UR(W),2014
Roddam,Thurakalapatnam,Kamalamma,TDP,M?,UR,2014
Rolla,BG Halli,Hanumakka,TDP,F,SC(W),2014
Rolla,Dodderi,Girijamma,TDP,F,BC(W),2014
Rolla,Guddugurki,H.Aswathareddy,YSRCP,M?,BC,2014
Rolla,Hottebetta,H.Sivanna,YSRCP,M?,SC,2014
Rolla,Hulikunta,Ml.Lakshmidevamma,YSRCP,F,UR(W),2014
Rolla,Kaki,L Nagaraju,TDP,M?,UR,2014
Rolla,M Rayapuramu,B.Siddagangamma,TDP,M?,UR,2014
Rolla,Mallinamadugu,C Radha,TDP,F,UR(W),2014
Rolla,Rathnagiri,Krishnappa,TDP,M?,UR,2014
Rolla,Rolla 1,Ts Nagarathna,TDP,F,BC(W),2014
Rolla,Rolla 2,Rathnamma,TDP,F,UR(W),2014
Settur,Bachehalli,Harijana Ramappa,TDP,M?,SC,2014
Settur,Cherlopalli,Pujari Mahadevamma,IND,F,UR(W),2014
Settur,Chinnampalli,Harijana Sarojamma,TDP,F,SC(W),2014
Settur,Chintharlapalli,Kuruba Jayamma,TDP,F,BC(W),2014
Settur,Kanukuru,Kolimi Guruswamy,TDP,M?,BC,2014
Settur,Lakshmampalli,Golla Thimmakka,TDP,F,UR(W),2014
Settur,Makodiki,Kataru Thippareddy,TDP,M?,UR,2014
Settur,Mulakaledu,Talari Bommaiah,TDP,M?,UR,2014
Settur,Perugupalyam,Amaravathi Maanasa,TDP,F,BC(W),2014
Settur,Settur,B.Nagaraju,TDP,M?,UR,2014
Settur,Thippanapalli,Golla Kristappa,TDP,M?,BC,2014
Settur,Yatakallu,Dalavai Jayamma,TDP,F,UR(W),2014
Singanamala,AKULEDU,Ankannagari Sunitha,TDP,M?,SC,2014
Singanamala,CHAKRAYAPETA,C.Bhagyalakshmi,TDP,M?,UR,2014
Singanamala,KALLUMADI,P.Subbanna,TDP,M?,BC,2014
Singanamala,PERAVALI,T. Lakshminarayanamma,TDP,F,BC(W),2014
Singanamala,RACHEPALLI,Sattireddy Amrutha,TDP,F,UR(W),2014
Singanamala,SALAKAMCHERUVU,Agraharam Indravathi,TDP,M?,UR,2014
Singanamala,SINGANAMALA - I,Chinnamekala Rajeswari,TDP,F,SC(W),2014
Singanamala,SINGANAMALA -II,Kullayappa,TDP,M?,BC,2014
Singanamala,SODANAPALLI,V.Lakshmidevi,TDP,F,UR(W),2014
Singanamala,TARIMELA,Erikala Gangamma,TDP,F,ST(W),2014
Singanamala,ULLIKALLU,A.Anasuyamma,YSRCP,M?,UR,2014
Singanamala,WEST NARASAPURAM,Nagalakshmamma,TDP,F,SC(W),2014
Somandepalli,Brahmasamudram,H.Shyamalamma,TDP,F,SC(W),2014
Somandepalli,Chalakur,D.Rathnamma,TDP,F,UR(W),2014
Somandepalli,Challapalli,M.Suvarna,TDP,F,UR(W),2014
Somandepalli,Gudipalli,Gangadharappa,TDP,M?,UR,2014
Somandepalli,Kethaganicheruvu,Eswaramma,TDP,F,UR(W),2014
Somandepalli,Magecheruvu,Appaiahgari Ramanjaneyulu,TDP,M?,UR,2014
Somandepalli,Mandli,U.Anjaneyulu,TDP,M?,BC,2014
Somandepalli,Pandiparthi,Uppara Nirmala,TDP,F,BC(W),2014
Somandepalli,Somandepalli.I,V.Sreeramulu,TDP,M?,UR,2014
Somandepalli,Somandepalli.II,D.Vara Lakshmi,TDP,M?,BC,2014
Somandepalli,Somandepalli.III,G.Prabhakar,TDP,M?,UR,2014
Somandepalli,Somandepalli.IV,Uppara Susheelamma,TDP,F,BC(W),2014
Somandepalli,Somandepalli.V,M.Kristappa,TDP,M?,SC,2014
Somandepalli,Thungodu,N. Eswaramma,YSRCP,F,BC(W),2014
Tadimarri,Atmakur,Saddala Kalpana,YSRCP,F,BC(W),2014
Tadimarri,Chillakondayapalli,Kodedala Rajasekhar,TDP,M?,UR,2014
Tadimarri,Chinna chigulla Revu,K.Lakshmi Devi,TDP,F,BC(W),2014
Tadimarri,Dadithota,Chintalapalli Ramanamma,YSRCP,F,SC(W),2014
Tadimarri,Kunukuntla,Siriyala Kristaiah,YSRCP,M?,BC,2014
Tadimarri,Narasimpalli,Chinna Gari Venkatamma,TDP,F,UR(W),2014
Tadimarri,Peddakotla,Adireddy Gari Narapa Reddy,YSRCP,M?,UR,2014
Tadimarri,Pinnadari,S. Narayanamma,YSRCP,M?,SC,2014
Tadimarri,Tadimarri,S.Sumathamma,YSRCP,F,UR(W),2014
Tadipatri,Bhogasamudram,S.Nagalakshmi,TDP,F,UR(W),2014
Tadipatri,Bodaipalli,Kota Lakshmi Bhavani,TDP,F,UR(W),2014
Tadipatri,Bramhanapalli,Dorasingam Gari Dhanalakshmi,YSRCP,F,UR(W),2014
Tadipatri,Chinnapolamada,T. Mallikarjunareddy,TDP,M?,UR,2014
Tadipatri,Chukkalur,Medikurthi Narayanaswami,YSRCP,M?,UR,2014
Tadipatri,Diguvapalli,Dudekula Pedda Mabu,TDP,M?,BC,2014
Tadipatri,Gangadevipalli,T.Pullanna,TDP,M?,SC,2014
Tadipatri,Gannevaripalli - I,Kakarla Ranganayakulu,TDP,M?,UR,2014
Tadipatri,Gannevaripalli - II,B.Varalakshmi,TDP,F,UR(W),2014
Tadipatri,Gannevaripalli - III,V.Sujatha,TDP,F,BC(W),2014
Tadipatri,Peddapolamada,Yampalaku Linganna,TDP,M?,BC,2014
Tadipatri,Sajjaladinne,Nadipi Obulesu,YSRCP,M?,UR,2014
Tadipatri,Urichintala,Dabbudupalli Padmavathi,TDP,F,SC(W),2014
Tadipatri,Vanganur,T. Gurulakshmi,TDP,M?,BC,2014
Tadipatri,Venkatareddypalli,Bandaru Kullayamma,YSRCP,F,SC(W),2014
Tadipatri,Yerraguntapalli,P.Hemalatha,TDP,F,BC(W),2014
Talupula,Edulakuntlapalli,Pasuvula Aruna,TDP,F,BC(W),2014
Talupula,Kurli,Edagottu Anasuyamma,YSRCP,F,UR(W),2014
Talupula,"Lakkasamu 
dram",R. Venkata Reddy,TDP,M?,UR,2014
Talupula,Nuthanakaluva,Udari Mallaiah,YSRCP,M?,BC,2014
Talupula,"Obula Reddy  
Palli",Barre. Lakshmidevi,TDP,F,UR(W),2014
Talupula,Odulapalli,Sujatha,YSRCP,F,UR(W),2014
Talupula,Peddannavari Palli,Poola Shubashinamma,YSRCP,M?,UR,2014
Talupula,Talupula-I,Rajipati Kullayappa,YSRCP,M?,BC,2014
Talupula,Talupula-II,S. Mahammad Rafi Naik,YSRCP,M?,UR,2014
Talupula,Talupula-III,Matra Sunithamma,YSRCP,F,ST(W),2014
Talupula,Udamalakurthy,A. Ramanjulu,TDP,M?,UR,2014
Talupula,Vepamanipeta,Velpula Lakshamamma,YSRCP,F,SC(W),2014
Tanakal,BALASAMUDRAM,Killa Gayathri,TDP,F,ST(W),2014
Tanakal,BONTHALA         PALLI,Nirmalamma.Y,YSRCP,F,UR(W),2014
Tanakal,CHEEKATIMANI      PALLI,Bada Sarojamma,TDP,F,UR(W),2014
Tanakal,ETHODU,Kadapala Radhamma,TDP,F,UR(W),2014
Tanakal,GEME NAIK THANDA,J.Venkata Ramana,YSRCP,M?,BC,2014
Tanakal,KOKKANTI,Yerragudi Kanthamma,TDP,F,SC(W),2014
Tanakal,KORTHIKOTA,Kayala Venkatramanappa Naidu,TDP,M?,BC,2014
Tanakal,KOTAPALLI,Gunthuri Venkateshu,YSRCP,M?,SC,2014
Tanakal,Mallireddypalli,Bhukya Lakshmi,TDP,M?,UR,2014
Tanakal,T.SADUM,Chinnakotla Rajamma,YSRCP,F,UR(W),2014
Tanakal,TANAKAL - I,Sanam Peddareddeppa Reddy,YSRCP,M?,UR,2014
Tanakal,TANAKAL - II,D.Balappa,TDP,M?,UR,2014
Tanakal,TANAKAL - III,Chiruvela Noorjahan,TDP,F,BC(W),2014
Tanakal,TAVALAM,Marpuri Sudhakar Reddy,TDP,M?,UR,2014
Uravakonda,Amidala-1,D.Murali,TDP,M?,UR,2014
Uravakonda,Amidala-2,V.Sunkarathnamma,TDP,M?,BC,2014
Uravakonda,Budagavi,K.Ananthamma,TDP,F,UR(W),2014
Uravakonda,Chinna Mustur,Boya Suvarnama,YSRCP,F,UR(W),2014
Uravakonda,Lathavaram,E.Chandrasakher,TDP,M?,SC,2014
Uravakonda,Mopidi,Bharath.M,YSRCP,F,SC(W),2014
Uravakonda,Nerimetla,H.Uligamma,YSRCP,F,UR(W),2014
Uravakonda,Nimbagal,J.Rajanna,TDP,M?,UR,2014
Uravakonda,Pedda Kowkuntal-1,B.Purusitham,TDP,M?,UR,2014
Uravakonda,Pedda Kowkuntal-2,V.Nirmala,TDP,F,UR(W),2014
Uravakonda,Raketla,R.Salamma,YSRCP,F,ST(W),2014
Uravakonda,Shaiksanipalli,B.P.Mallika,YSRCP,F,BC(W),2014
Uravakonda,Uravakonda-1,B.Haseena,TDP,F,BC(W),2014
Uravakonda,Uravakonda-11,M.C.Sathyavalthi,YSRCP,M?,BC,2014
Uravakonda,Uravakonda-11,P.Rajesh,TDP,M?,UR,2014
Uravakonda,Uravakonda-2,B.Athaula,TDP,M?,UR,2014
Uravakonda,Uravakonda-3,T.Varalakshmi,YSRCP,M?,BC,2014
Uravakonda,Uravakonda-5,C.Chandramma,YSRCP,F,UR(W),2014
Uravakonda,Uravakonda-6,C.Suseela,TDP,F,BC(W),2014
Uravakonda,Uravakonda-7,P.Ravisankar,YSRCP,M?,UR,2014
Uravakonda,Uravakonda-8,T.Sulochana,YSRCP,F,BC(W),2014
Uravakonda,Uravakonda-9,B.Vijaykumar,YSRCP,M?,SC,2014
Uravakonda,Vyasapuram,H.Sumithramma,YSRCP,F,SC(W),2014
Vajrakarur,Chabala,Talari Narayanappa,YSRCP,M?,BC,2014
Vajrakarur,Chayapuram,Uma Devi Konduru,TDP,F,SC(W),2014
Vajrakarur,Gadehothuru,Devendra,YSRCP,M?,BC,2014
Vajrakarur,Gulyapalyam,B.Ravi Kumar,YSRCP,M?,BC,2014
Vajrakarur,Konakondla - I,M.Jyothi,TDP,F,UR(W),2014
Vajrakarur,Konakondla III,C.Sree Devi,YSRCP,F,BC(W),2014
Vajrakarur,Konakondla-II,Ya Munaiah,YSRCP,M?,UR,2014
Vajrakarur,P.C.Pyapili,Bestha Naganna,TDP,M?,UR,2014
Vajrakarur,Pandikunta,Hampi Bai Ramavath,YSRCP,F,ST(W),2014
Vajrakarur,Ragulapdu,Bellary Ramanjineyulu,YSRCP,M?,SC,2014
Vajrakarur,Thatrkal,G.Estheramma,YSRCP,F,SC(W),2014
Vajrakarur,Vajrakarur - I,Singanamala Razia,YSRCP,F,BC(W),2014
Vajrakarur,Vajrakaruru - II,Sugali Venkatesh Naik,YSRCP,M?,ST,2014
Vajrakarur,Venkatampalli,Korra Venkatamma,YSRCP,F,UR(W),2014
Vidapanakal,Donekal,Patil Veerana Gowd,TDP,M?,BC,2014
Vidapanakal,Gadekal-2,B.Savitramma,YSRCP,F,UR(W),2014
Vidapanakal,Gadekal-4,Obulesu,YSRCP,M?,SC,2014
Vidapanakal,Hanchanhal,Dasari Pratap Naidu,TDP,M?,BC,2014
Vidapanakal,Havaligi-2,Anand,TDP,M?,UR,2014
Vidapanakal,Havaligi-2,Kuraba Ram Babu,YSRCP,M?,UR,2014
Vidapanakal,Karakamukkala,Boya Parvathi,TDP,F,UR(W),2014
Vidapanakal,P.Kottalapalli,Harijana Lakshmi Devi,TDP,F,SC(W),2014
Vidapanakal,Palthur-1,B.Kumara Swamy,TDP,M?,UR,2014
Vidapanakal,Palthur-2,K.Vajiya Bee,TDP,F,BC(W),2014
Vidapanakal,Poliki,Gajula Sujatha,TDP,F,UR(W),2014
Vidapanakal,Undabanda,Pachhayappa Gari Devi,YSRCP,F,BC(W),2014
Vidapanakal,V.Kothakota,Jinka Lakshmi reddy,TDP,M?,BC,2014
Vidapanakal,Velpumadugu,Boya Naga lakshmi,YSRCP,F,UR(W),2014
Vidapanakal,Vidapanakal,Matam Gangamma,YSRCP,F,BC(W),2014
Yadiki,23/2 Nittur,Chakali Ramanjaneyulu,YSRCP,M?,BC,2014
Yadiki,Chandana,Bolli Venkatalkshamma,YSRCP,F,UR(W),2014
Yadiki,Kamalapadu,Yatam Chalama Reddy,YSRCP,M?,UR,2014
Yadiki,Konauppalapadu,Kotte Ramachandra Reddy,YSRCP,M?,UR,2014
Yadiki,Nagaruru,Vennapusa Savithramma,TDP,F,UR(W),2014
Yadiki,Puppala,K.Venkata Lakshmidevi,TDP,F,UR(W),2014
Yadiki,Rayalacheruvu-I,Chakali Gurupadamma,TDP,F,BC(W),2014
Yadiki,Rayalacheruvu-II,Veluri Rangaiah,TDP,M?,UR,2014
Yadiki,Vemulapadu,Chukkaluru Vijayalakshmi,TDP,F,UR(W),2014
Yadiki,Yadiki-I,G.Ramesh Naidu,YSRCP,M?,UR,2014
Yadiki,Yadiki-II,Tandra Sreenivasulu,TDP,M?,BC,2014
Yadiki,Yadiki-III,Tandra Lakshmikanthamma,YSRCP,F,BC(W),2014
Yadiki,Yadiki-IV,Pathikonda Nagasheshu,YSRCP,M?,SC,2014
Yadiki,Yadiki-V,Dadiyala Adinarayana,TDP,M?,BC,2014
Yadiki,Yadiki-VI,Pamisetty Nagamani,YSRCP,F,BC(W),2014
Yadiki,Yadiki-VII,Yerragundla Salamma,YSRCP,F,SC(W),2014
Yellanur,Boppepalli,Bandi.Ranga Devi,TDP,F,BC(W),2014
Yellanur,Chilamkuru,Putluru.Lakshmi Devi,YSRCP,F,UR(W),2014
Yellanur,Goddumarri,Ramalakshumma.P,YSRCP,F,SC(W),2014
Yellanur,Kalluru,Yallala.Subbamma,YSRCP,F,BC(W),2014
Yellanur,Mallagundla,Goonolla Muni Prasad,YSRCP,M?,SC,2014
Yellanur,Peddamallepalli,Rajakullayappa.S,YSRCP,M?,BC,2014
Yellanur,Thimmampalli,Penikalapati. Bharathamma,YSRCP,F,UR(W),2014
Yellanur,Vennpusapalli,Gattu. Obulamma,TDP,M?,UR,2014
Yellanur,Yellanuru-I,Peddagampanna Gari Thayanna,TDP,M?,UR,2014
Yellanur,Yellanuru-II,Bhoghathi Vijaya Prathapa Reddy,TDP,M?,UR,2014
