name,mandal,year,age,area,community,cooptmember,edu,electioncat,occupation,party,pparty,president,sex,vp,vpparty
Laxmi Goud G,Agali,2001,,Ravudi,,,,,,INC,,,,,
Sarojamma,Agali,2001,,P.Byadigera,,,,,,INC,,,,,
Venkataswamy,Agali,2001,,Inagalore,,,,,,TDP,,,,,
Lingappa,Agali,2001,,Agali 2,,,,,,INC,,,,,
Chikkappaiah,Agali,2001,,Kodipalli,,,,,,INC,,,,,
Puttamma,Agali,2001,,Agali 1,,,,,,TDP,,,,,
Rathanamma,Agali,2001,,Narasambudi,,,,,,INC,,,,,
Narasimhaiah,Agali,2001,,Madhudi,,,,,,INC,,,,,
Bodili Kamalamma,Amadagur,2001,,Pulakuntapalli,,,,,,TDP,,,,,
Nakili Laxmi Devi,Amadagur,2001,,Amadagur Ii,,,,,,INC,,,,,
Thepalli Rama Devi,Amadagur,2001,,Amadagur 1,,,,,,INC,,,,,
Pichri Nagappa,Amadagur,2001,,Mohammadabad I,,,,,,INC,,,,,
Somagatta Mangamma,Amadagur,2001,,Thummala 1,,,,,,INC,,,,,
Nakkala Chinnappa,Amadagur,2001,,Mohammadabad Ii,,,,,,TDP,,,,,
Veera Obbanapalli Raja Reddy,Amadagur,2001,,Chinaganipalli,,,,,,INC,,,,,
Malaka Surya Narayana Reddy,Amadagur,2001,,Thummala 2,,,,,,INC,,,,,
Lakshmakka,Amarapuram,2001,,Nidragatta,,,,,,INC,,,,,
Siddeswarappa,Amarapuram,2001,,Hemavathi 1,,,,,,INC,,,,,
Govinda Raya,Amarapuram,2001,,Tamadepalli 1,,,,,,INC,,,,,
Ratnamma,Amarapuram,2001,,Sivaram,,,,,,TDP,,,,,
Era Nagappa,Amarapuram,2001,,Valasa 1,,,,,,TDP,,,,,
P R Dhanumjaya,Amarapuram,2001,,Amarapuram 2,,,,,,TDP,,,,,
C Thippe Swamy,Amarapuram,2001,,Amarapuram 3,,,,,,TDP,,,,,
Mudda Rangamma,Amarapuram,2001,,Basavanapalli,,,,,,INC,,,,,
Nagamma,Amarapuram,2001,,Tamadepalli 2,,,,,,INC,,,,,
B S Murthy,Amarapuram,2001,,Valasa 2,,,,,,TDP,,,,,
B Sujatha,Amarapuram,2001,,Hemavathi 2,,,,,,INC,,,,,
U Nagendrappa,Amarapuram,2001,,Halukur,,,,,,INC,,,,,
A Siva Sankar,Amarapuram,2001,,Amarapuram 1,,,,,,INC,,,,,
S Premela,Ananthapuramu Rural,2001,,Rudrampeta,,,,,,CPI,,,,,
A Narasimhudu,Ananthapuramu Rural,2001,,Chiyyedu,,,,,,TDP,,,,,
G Adeamma,Ananthapuramu Rural,2001,,Rachanapalli,,,,,,INC,,,,,
C Maillikarjuna,Ananthapuramu Rural,2001,,Kandukur,,,,,,CPI,,,,,
Gandala Adinarayana,Ananthapuramu Rural,2001,,Katiganikalva,,,,,,INC,,,,,
B Kullayappa,Ananthapuramu Rural,2001,,Uparapalli,,,,,,TDP,,,,,
Gantla  Venkataramanamma,Ananthapuramu Rural,2001,,Akuthotapalli,,,,,,INC,,,,,
P Sharma Devi,Ananthapuramu Rural,2001,,Kodimi,,,,,,TDP,,,,,
Ragi Narayanamma,Ananthapuramu Rural,2001,,Kurugunta,,,,,,INC,,,,,
K Thimma Naidu,Ananthapuramu Rural,2001,,Ananthapuramu Rural,,,,,,TDP,,,,,
Kanta Muralimohan,Ananthapuramu Rural,2001,,A.Narayanapuram 1,,,,,,TDP,,,,,
Makala Venugopal,Ananthapuramu Rural,2001,,A.Narayanapuram 2,,,,,,TDP,,,,,
Alamuru Sreenivas Reddy,Ananthapuramu Rural,2001,,Alamur,,,,,,INC,,,,,
O Chinna Krishna Reddy,Ananthapuramu Rural,2001,,Maneela,,,,,,TDP,,,,,
K Venkateswarlu,Ananthapuramu Rural,2001,,Somuladoddi,,,,,,TDP,,,,,
M Nagesh,Atmakur,2001,,Talupur,,,,,,INC,,,,,
Obulesh,Atmakur,2001,,P Yaleru,,,,,,INC,,,,,
Guggla Narayanamma,Atmakur,2001,,Atmakur 2,,,,,,INC,,,,,
K B Pedda Anjaneyulu,Atmakur,2001,,Sanapa,,,,,,INC,,,,,
Maddimene Kakshmidevi,Atmakur,2001,,Thopudurthi,,,,,,TDP,,,,,
Kristamma,Atmakur,2001,,Madigubba,,,,,,INC,,,,,
Pillala Eswaraiah,Atmakur,2001,,Atmakur 1,,,,,,INC,,,,,
Gunde Akulanna,Atmakur,2001,,Muttala,,,,,,INC,,,,,
Narasimhulu,Atmakur,2001,,Goridindla,,,,,,INC,,,,,
P Venkatarathanam,B.K.Samudram,2001,,B Kothapalli,,,,,,INC,,,,,
Devarakonda Subbanna,Bathalapalli,2001,,Sangala,,,,,,TDP,,,,,
Akkim Narsimhulu,Bathalapalli,2001,,Bathlapalli 2,,,,,,TDP,,,,,
Thalari Ganganna,Bathalapalli,2001,,Mustoor,,,,,,TDP,,,,,
Bandi Pedda Narayana,Bathalapalli,2001,,Obulapuram,,,,,,TDP,,,,,
Baste Sudha Mallikarjuna,Bathalapalli,2001,,Dampetla,,,,,,TDP,,,,,
Daruru Jayasudha,Bathalapalli,2001,,D Cherlopalli,,,,,,TDP,,,,,
Konuguntla Narayana Reddy,Bathalapalli,2001,,Malyavantham,,,,,,TDP,,,,,
Jackamputi Satyanarayana,Bathalapalli,2001,,Bathalapalli 1,,,,,,TDP,,,,,
Baggari  Byyappa Reddy,Bathalapalli,2001,,Apparascheruvu,,,,,,INC,,,,,
Ninavathi Laxmi Bai,Beluguppa,2001,,Beluguppa 2,,,,,,TDP,,,,,
Mala Sunitha,Beluguppa,2001,,Kalvapalli,,,,,,INC,,,,,
N Thippanna,Beluguppa,2001,,Sreerangapuram,,,,,,INC,,,,,
B Sivalingamma,Beluguppa,2001,,Duddekunta,,,,,,INC,,,,,
Boya Lepakshi,Beluguppa,2001,,Narasapuram,,,,,,INC,,,,,
Sanjanna,Beluguppa,2001,,Ankampalli,,,,,,INC,,,,,
K Nirmala,Beluguppa,2001,,Beluguppa 1,,,,,,INC,,,,,
Kumathi Suvarnamma,Beluguppa,2001,,Ramasagaram,,,,,,INC,,,,,
Amithineni Anand,Beluguppa,2001,,Seeripi,,,,,,TDP,,,,,
Andro Narayana Swamy,Beluguppa,2001,,Thagguparthi,,,,,,TDP,,,,,
Pujari Yerri Swamy,Beluguppa,2001,,Gangavaram,,,,,,INC,,,,,
Harmoniyam Anumayya,Bommanahal,2001,,Govindawada 2,,,,,,TDP,,,,,
Konakondala Shanthamma,Bommanahal,2001,,D Honnur,,,,,,TDP,,,,,
Y Chennappa,Bommanahal,2001,,Bonduru,,,,,,TDP,,,,,
Raketlappa,Bommanahal,2001,,Singanahalli,,,,,,INC,,,,,
Kavali Chandra Sekhar,Bommanahal,2001,,Govindawada 1,,,,,,TDP,,,,,
R Pushpa Latha,Bommanahal,2001,,Unthakal,,,,,,TDP,,,,,
Oankaramma,Bommanahal,2001,,Kuruvalli,,,,,,TDP,,,,,
K Mallikarjuna,Bommanahal,2001,,Bommanahal,,,,,,TDP,,,,,
Vannurappa,Bommanahal,2001,,Bollanaguddam,,,,,,TDP,,,,,
P Maruthi Prasad,Bommanahal,2001,,Kolaganahalli,,,,,,INC,,,,,
B Indira,Bommanahal,2001,,Vadderi,,,,,,INC,,,,,
K Krishna,Bommanahal,2001,,Sreedaragatta,,,,,,TDP,,,,,
Yelama Raja,Bramhasamudram,2001,,West Kodipalli,,,,,,INC,,,,,
Govindamma,Bramhasamudram,2001,,Vepulaparthi,,,,,,INC,,,,,
Ratnamma,Bramhasamudram,2001,,Kannepalli,,,,,,INC,,,,,
Lokesh,Bramhasamudram,2001,,Byravanithippa,,,,,,INC,,,,,
Suvarnamma,Bramhasamudram,2001,,Theetakalllu,,,,,,TDP,,,,,
Kamalamma,Bramhasamudram,2001,,S Kondapuram,,,,,,INC,,,,,
K.Lokanatha Reddi,Bramhasamudram,2001,,Pillalapalli,,,,,,INC,,,,,
Rajanna,Bramhasamudram,2001,,Brahmasamudram,,,,,,TDP,,,,,
B P Thirupal Reddi,Bramhasamudram,2001,,Byrasamudram,,,,,,INC,,,,,
China Nagappa,Bukkapatnam,2001,,Kothakota,,,,,,TDP,,,,,
P Chinnappa,Bukkapatnam,2001,,Bukkapatnam 2,,,,,,INC,,,,,
Naga Lakshmi Dasari,Bukkapatnam,2001,,Krishnapuram,,,,,,INC,,,,,
Bachu Gangappa,Bukkapatnam,2001,,Pamudurthi,,,,,,INC,,,,,
Eswaraiah R,Bukkapatnam,2001,,Marala,,,,,,INC,,,,,
Bhagyamma,Bukkapatnam,2001,,Narasimpalli Thanda,,,,,,INC,,,,,
Desireddy Thulasi Eswaramma,Bukkapatnam,2001,,Bukkapatnam 3,,,,,,INC,,,,,
M Lakshmidevi,Bukkapatnam,2001,,Gasikavaripalli,,,,,,IND,,,,,
P Brundamma,Bukkapatnam,2001,,Agraharam,,,,,,INC,,,,,
M Nagabhushana,Bukkapatnam,2001,,Bukkapatnam 1,,,,,,TDP,,,,,
Chenna Reddy Yeraguntal,Bukkapatnam,2001,,Siddarampuram,,,,,,INC,,,,,
A Parvathi,C.K.Palli,2001,,Medapuram 2,,,,,,TDP,,,,,
B Peddanna,C.K.Palli,2001,,Kanumukkala,,,,,,TDP,,,,,
M Prasadamma,C.K.Palli,2001,,Pyadindi,,,,,,TDP,,,,,
Kotte Ramanjaneyulu,C.K.Palli,2001,,Mustikovila,,,,,,TDP,,,,,
Kota Ganganna,C.K.Palli,2001,,Nyamaddala Ii,,,,,,TDP,,,,,
J Narayanamma,C.K.Palli,2001,,Medapuram I,,,,,,TDP,,,,,
Dasari Savithramma,C.K.Palli,2001,,C K Pally  Ii,,,,,,TDP,,,,,
Talari Saraswathi,C.K.Palli,2001,,Ganginepalli,,,,,,TDP,,,,,
A Subbarayudu,C.K.Palli,2001,,Nyamaddala I,,,,,,TDP,,,,,
Yagatanagari Ramkrishna Reddy,C.K.Palli,2001,,Venkatampalli,,,,,,TDP,,,,,
S Raghunadha Reddy,C.K.Palli,2001,,C Kpalli  1,,,,,,TDP,,,,,
Thipaiahgari Gopal Reddy,C.K.Palli,2001,,Nagasamudram,,,,,,TDP,,,,,
Thrragabatha Chowdamma,Chilamathur,2001,,Koduru 1,,,,,,INC,,,,,
Buttulu Adeppa,Chilamathur,2001,,Chilamathur 3,,,,,,TDP,,,,,
B Venkatalakshmamma,Chilamathur,2001,,Morasalapalli,,,,,,INC,,,,,
Narasimhappa,Chilamathur,2001,,Tekuledu,,,,,,TDP,,,,,
C A Surya Narayana,Chilamathur,2001,,Chagaleru,,,,,,INC,,,,,
V Sivappa,Chilamathur,2001,,Koduru 2,,,,,,TDP,,,,,
K S Bramaramba,Chilamathur,2001,,Somagatta,,,,,,TDP,,,,,
Lakshmidevamma,Chilamathur,2001,,Veerapuram,,,,,,TDP,,,,,
Lakshminarayanappa,Chilamathur,2001,,Chilamathur 1,,,,,,INC,,,,,
Surendra Reddy,Chilamathur,2001,,Chilamathur 2,,,,,,TDP,,,,,
B Hanumantha Reddy,Chilamathur,2001,,Settipalli,,,,,,INC,,,,,
V Gangappa,Chilamathur,2001,,Demakethepalli,,,,,,TDP,,,,,
M R Murali,Chilamathur,2001,,Kodikonda,,,,,,INC,,,,,
Tunkara Palli Parameswarappa,D.Hirehal,2001,,Muradi,,,,,,INC,,,,,
Kenjala Hanumakka,D.Hirehal,2001,,Nagalapuram,,,,,,TDP,,,,,
Karepparu Raju,D.Hirehal,2001,,Obulapuram,,,,,,TDP,,,,,
Thurpanti Hanumanthappa,D.Hirehal,2001,,Madanahalli,,,,,,TDP,,,,,
Chinna Siruvallappa,D.Hirehal,2001,,Kadalur,,,,,,INC,,,,,
Nara Adilakshmi,D.Hirehal,2001,,M Hanumapuram,,,,,,TDP,,,,,
Pushpavathi,D.Hirehal,2001,,D Hirehal,,,,,,TDP,,,,,
Vara Lakshmi,D.Hirehal,2001,,Kadlur,,,,,,INC,,,,,
Marri Basappa,D.Hirehal,2001,,Pulakurthi,,,,,,TDP,,,,,
V.Balajinaik,Dharmavaram,2001,,Elukuntla,,,,,,INC,,,,,
Adilaxmi,Dharmavaram,2001,,Darsimala,,,,,,INC,,,,,
R Srinivasulu,Dharmavaram,2001,,Mallakalva,,,,,,TDP,,,,,
Ganduluri Rajamma,Dharmavaram,2001,,Gotlur 1,,,,,,TDP,,,,,
Chelimi Sanjappa,Dharmavaram,2001,,Chigicherla,,,,,,TDP,,,,,
Mala Gundla Gurappa,Dharmavaram,2001,,Regatipalli,,,,,,TDP,,,,,
Thalari Pakkirappa,Dharmavaram,2001,,Kunuthur,,,,,,INC,,,,,
Krishnamma,Dharmavaram,2001,,Thummala,,,,,,INC,,,,,
T.Narasimha Reddy,Dharmavaram,2001,,Ravulacheruvu,,,,,,TDP,,,,,
Sake Maddileti,Dharmavaram,2001,,Pothulanagepalli,,,,,,TDP,,,,,
Matteddula Obi Reddi,Dharmavaram,2001,,Gotlur 2,,,,,,BJP,,,,,
Buke Laxmi Narayana Naik,Gandlapenta,2001,,Chamalagondi,,,,,,INC,,,,,
Manchipakula Narsimulu,Gandlapenta,2001,,Somayajulapalli,,,,,,TDP,,,,,
Bosetti Padmavathamma,Gandlapenta,2001,,Katarupalli,,,,,,INC,,,,,
Kutagulla Badharvali,Gandlapenta,2001,,Gandlapenta,,,,,,TDP,,,,,
Goddu Velagala Mamatha,Gandlapenta,2001,,Godduvellagala,,,,,,TDP,,,,,
C Kondaiah,Gandlapenta,2001,,Malameedapalli,,,,,,TDP,,,,,
Appireddy Padmaja,Gandlapenta,2001,,Veparalla,,,,,,TDP,,,,,
Kondalammela Nagamma,Garladinne,2001,,Kallur 1,,,,,,TDP,,,,,
S Chithambari,Garladinne,2001,,Muntimadugu,,,,,,TDP,,,,,
Jaggala Kanthamma,Garladinne,2001,,Kallur 2,,,,,,TDP,,,,,
Ramanjaneyulu,Garladinne,2001,,Illur,,,,,,TDP,,,,,
Chekkala Naganna,Garladinne,2001,,Marthadu,,,,,,INC,,,,,
Thadimari Nagalaxmi,Garladinne,2001,,Kotanka,,,,,,INC,,,,,
Y Sridevi,Garladinne,2001,,Budedu,,,,,,TDP,,,,,
Penukonda Narayana,Garladinne,2001,,Penakacherla,,,,,,INC,,,,,
J Anil Kumar Reddy,Garladinne,2001,,Yerraguntla,,,,,,INC,,,,,
Molakathala Sudhakar Reddy,Garladinne,2001,,Garladinne,,,,,,INC,,,,,
T Pradeep Reddy,Garladinne,2001,,Kanampalli,,,,,,TDP,,,,,
Raghulapadu Raghunandana Reddy,Garladinne,2001,,Kamalapuram,,,,,,INC,,,,,
Pannarsu  Kadirappa,Gooty,2001,,Yerragudi,,,,,,TDP,,,,,
Pogula Anjali,Gooty,2001,,Chetnepalli 4,,,,,,IND,,,,,
Ramachandra,Gooty,2001,,Bethapalli,,,,,,INC,,,,,
Suripogula Veeranna,Gooty,2001,,Gooty 3,,,,,,INC,,,,,
Nadipi Ramakrishnamma,Gooty,2001,,Bastarapalli,,,,,,CPM,,,,,
Pothula Renuka,Gooty,2001,,Abbedoddi,,,,,,TDP,,,,,
Majjiga Anjineyulu,Gooty,2001,,Thurakapalli,,,,,,IND,,,,,
Yampalaku Rajanna,Gooty,2001,,Jakkalacheruvu,,,,,,INC,,,,,
Suddala Ramachandradu,Gooty,2001,,Thondapadu,,,,,,INC,,,,,
E Chandragiri Haridasu,Gooty,2001,,Chetnepalli 3,,,,,,IND,,,,,
Boya Krishnaveni,Gooty,2001,,Gooty 1,,,,,,INC,,,,,
Lakshimathamma,Gooty,2001,,Gooty 2,,,,,,INC,,,,,
Mandla Ramanjinamma,Gooty,2001,,Chetnepalli 1,,,,,,IND,,,,,
E Ramakrishna,Gooty,2001,,Ubicherla,,,,,,TDP,,,,,
Sreepathinaidu S,Gooty,2001,,Karidikonda,,,,,,TDP,,,,,
Thapila Venkatesulu Naidu,Gooty,2001,,Peddoddi,,,,,,TDP,,,,,
Kona Muralidhar Reddy,Gooty,2001,,Gooty 4,,,,,,INC,,,,,
Khaja Mainoddin,Gooty,2001,,Gooty 5,,,,,,TDP,,,,,
Beldar Sreeramulu,Gooty,2001,,Gooty 6,,,,,,INC,,,,,
Bommireddy Jayakrishna Reddy,Gooty,2001,,Chetnepalli 2,,,,,,TDP,,,,,
Savithri Bai,Gorantla,2001,,Vanavolu 1,,,,,,TDP,,,,,
Pala Jayaram Naik,Gorantla,2001,,Mandalapalli 1,,,,,,INC,,,,,
B Hanumakka,Gorantla,2001,,Palasamudram,,,,,,TDP,,,,,
M Kristappa,Gorantla,2001,,Gorantla 4,,,,,,TDP,,,,,
Sankara Konda Venkata Narsamma,Gorantla,2001,,Kondapuram,,,,,,TDP,,,,,
Edagoti Nanjamma,Gorantla,2001,,Reddicheruvupalli,,,,,,TDP,,,,,
Venkataramappa,Gorantla,2001,,Budili,,,,,,INC,,,,,
Gorla Nagabhushnam,Gorantla,2001,,Gownivaripalli,,,,,,TDP,,,,,
V Narayanappa,Gorantla,2001,,Mallepalli,,,,,,TDP,,,,,
Sugunamma,Gorantla,2001,,Gangampalli,,,,,,TDP,,,,,
Sundaramma,Gorantla,2001,,Vodigepalli,,,,,,TDP,,,,,
E Renuka Devi,Gorantla,2001,,Gorantla 1,,,,,,TDP,,,,,
P Govindamma,Gorantla,2001,,Gorantla 2,,,,,,TDP,,,,,
H Allabaksh,Gorantla,2001,,Gorantla 3,,,,,,TDP,,,,,
C Rajagopal Reddy,Gorantla,2001,,Kommavariapalli,,,,,,TDP,,,,,
Mallaballi Suseelamma,Gorantla,2001,,Puleru,,,,,,TDP,,,,,
Jampula Venugopal,Gorantla,2001,,Vanavolu 2,,,,,,TDP,,,,,
Seenappa,Gorantla,2001,,Mandalapalli 2,,,,,,TDP,,,,,
B H Geetha,Gudibanda,2001,,Rallapalli 1,,,,,,INC,,,,,
Narsimhappa,Gudibanda,2001,,Rallapalli 2,,,,,,INC,,,,,
Narsaiah,Gudibanda,2001,,Muthukur,,,,,,INC,,,,,
Nagamma,Gudibanda,2001,,Jambulabanda,,,,,,INC,,,,,
Akumalla Raju,Gudibanda,2001,,Gudibanda 1,,,,,,INC,,,,,
B Muddanna,Gudibanda,2001,,Morubagal 2,,,,,,TDP,,,,,
Bashappa,Gudibanda,2001,,Gunemorubagal,,,,,,INC,,,,,
Chinna Laxmamma,Gudibanda,2001,,Karikera,,,,,,INC,,,,,
Basagari  Nagamma,Gudibanda,2001,,K Nagepalli,,,,,,INC,,,,,
D Manjunath,Gudibanda,2001,,Gudibanda 2,,,,,,INC,,,,,
K Purushotam,Gudibanda,2001,,Morubagal 1,,,,,,TDP,,,,,
Sulappa,Gudibanda,2001,,Mandalapalli,,,,,,INC,,,,,
Erranna,Gudibanda,2001,,Konkallu,,,,,,INC,,,,,
Marekka,Gummagatta,2001,,Tallakera 2,,,,,,INC,,,,,
Harijana Mareppa,Gummagatta,2001,,Kalugodu 2,,,,,,INC,,,,,
Obamma,Gummagatta,2001,,Gummagatla,,,,,,INC,,,,,
B.Yellappa,Gummagatta,2001,,Tallakera  1,,,,,,INC,,,,,
Govindappa,Gummagatta,2001,,Bhupasamudram,,,,,,TDP,,,,,
Matham Hanumanthappa,Gummagatta,2001,,Belodu,,,,,,INC,,,,,
Golla Kechamma,Gummagatta,2001,,Pulakunta,,,,,,INC,,,,,
Bali Reddi,Gummagatta,2001,,Kalugodu 1,,,,,,INC,,,,,
Raghava Reddi,Gummagatta,2001,,Galagala,,,,,,INC,,,,,
Thppe Rudrappa,Gummagatta,2001,,Gollapalli,,,,,,INC,,,,,
S Govindamma,Guntakal,2001,,Nelagonda,,,,,,INC,,,,,
M Nettikallu,Guntakal,2001,,Kasapuram,,,,,,TDP,,,,,
Sunkamma,Guntakal,2001,,Konaganapalli,,,,,,TDP,,,,,
B T Mastanappa,Guntakal,2001,,Y T Cheruvu,,,,,,TDP,,,,,
J Jithendra Gowd,Guntakal,2001,,Nakkanadoddi,,,,,,TDP,,,,,
Gorava Pedda Mallesu,Guntakal,2001,,Gurrampadu,,,,,,INC,,,,,
Thota Lakshmi Devi,Guntakal,2001,,Gundala,,,,,,TDP,,,,,
B Sarala,Guntakal,2001,,G Kottala,,,,,,TDP,,,,,
K Naga Raju,Guntakal,2001,,P K Cheruvu,,,,,,TDP,,,,,
G Adi Narayana,Guntakal,2001,,Nagasamudram,,,,,,INC,,,,,
G Krishtanna,Guntakal,2001,,Ayyavaripalli,,,,,,TDP,,,,,
Parvathamma,Hindupur,2001,,Kirikera  1,,,,,,INC,,,,,
Thippanna,Hindupur,2001,,Chalivendla,,,,,,TDP,,,,,
B B Narsimhappa,Hindupur,2001,,Gollapuram,,,,,,BJP,,,,,
Sarojamma,Hindupur,2001,,Kirikera 2,,,,,,INC,,,,,
B. Naganna,Hindupur,2001,,Kaggallu,,,,,,TDP,,,,,
Govindappa,Hindupur,2001,,Beerepalli,,,,,,TDP,,,,,
T Sunitha,Hindupur,2001,,Malgur,,,,,,INC,,,,,
Padmavathi,Hindupur,2001,,Katipi,,,,,,TDP,,,,,
K Sri Ramireddy,Hindupur,2001,,Beevinahalli,,,,,,INC,,,,,
Chinna Reddy,Hindupur,2001,,Dalampalli,,,,,,TDP,,,,,
K H Nanjunda Reddy,Hindupur,2001,,Chowluru,,,,,,INC,,,,,
C Pedda Rajappa,Hindupur,2001,,Santhebidanur,,,,,,INC,,,,,
Eshwar Naik S,Kadiri,2001,,Yerradoddi,,,,,,TDP,,,,,
Maripe Narsimulu,Kadiri,2001,,Kalasamudram,,,,,,INC,,,,,
Muthanna Uthamma,Kadiri,2001,,Chalamakuntlapalli,,,,,,INC,,,,,
Burusu Laxmi Narayana,Kadiri,2001,,Patnam,,,,,,INC,,,,,
Boggiti Narsamma,Kadiri,2001,,K Brahmanapalli,,,,,,INC,,,,,
Bitra Ramalaxmamma,Kadiri,2001,,Kadiri Rural,,,,,,TDP,,,,,
Bogginti Nagamani,Kadiri,2001,,Eguvapalli,,,,,,INC,,,,,
Mude Ramana Naik,Kadiri,2001,,Mutyalacheruvu,,,,,,TDP,,,,,
Sugalichatri Naik,Kalyandurg,2001,,Manirevu,,,,,,INC,,,,,
Haridana Hanumakka,Kalyandurg,2001,,Ontimiddi,,,,,,IND,,,,,
Harijanaramanna,Kalyandurg,2001,,Garudapuram,,,,,,TDP,,,,,
H.Ramanjuneyulu,Kalyandurg,2001,,Palavai,,,,,,INC,,,,,
Laxmidevamma,Kalyandurg,2001,,Kalyandugr 1,,,,,,INC,,,,,
Vadde Anjanamma,Kalyandurg,2001,,Kalyandurg 3,,,,,,INC,,,,,
Badenna B,Kalyandurg,2001,,Golla,,,,,,TDP,,,,,
S.Gopal,Kalyandurg,2001,,Mudigallu,,,,,,INC,,,,,
Hanumanthappa,Kalyandurg,2001,,Chapiri,,,,,,INC,,,,,
Venkatamma,Kalyandurg,2001,,Duradakunta,,,,,,INC,,,,,
S.Sujatha,Kalyandurg,2001,,Thimasamudram,,,,,,INC,,,,,
Nallabothula Ammanamma,Kalyandurg,2001,,Dodagatta,,,,,,TDP,,,,,
T.Vannurswamy,Kalyandurg,2001,,Kalyandurg 2,,,,,,INC,,,,,
Amanullah,Kalyandurg,2001,,Kalyandurg 4,,,,,,INC,,,,,
K.Gopinath,Kalyandurg,2001,,Kalyandurg 5,,,,,,INC,,,,,
Laxmi Narayana B,Kalyandurg,2001,,Kalyandurg 6,,,,,,INC,,,,,
G.L.Harikrishna,Kalyandurg,2001,,East Kodipally,,,,,,TDP,,,,,
Bhtari Akkanna,Kalyandurg,2001,,Muddinayanipalli,,,,,,INC,,,,,
Kolakannur Thippe Swamy,Kalyandurg,2001,,Hilukallu,,,,,,TDP,,,,,
K Ganagadhara,Kambadur,2001,,Kambadur 3,,,,,,INC,,,,,
S Lakshmi Kanthamma,Kambadur,2001,,Ralla Ananthapuram,,,,,,TDP,,,,,
Naga Lakshmi,Kambadur,2001,,Karthanaparthi,,,,,,IND,,,,,
A Nagamma,Kambadur,2001,,Kambadur 1,,,,,,TDP,,,,,
Ramanjinamma,Kambadur,2001,,Pallur,,,,,,INC,,,,,
B Akkulappa,Kambadur,2001,,Nuthimadugu,,,,,,INC,,,,,
K Kodeppa,Kambadur,2001,,Thimmapuram,,,,,,INC,,,,,
Aruna Kumari,Kambadur,2001,,Chennampalli,,,,,,TDP,,,,,
P Govinda Reddy,Kambadur,2001,,Mulakanur,,,,,,INC,,,,,
K Narasimhulu,Kambadur,2001,,Kurakulapalli,,,,,,TDP,,,,,
G Sree Ramulu,Kambadur,2001,,Kambadur 2,,,,,,TDP,,,,,
H Maruthamma,Kanaganapalli,2001,,Muthavakuntla,,,,,,TDP,,,,,
Mallesu,Kanaganapalli,2001,,Kondapuram,,,,,,IND,,,,,
Golla Narayanamma,Kanaganapalli,2001,,Yellakuntla,,,,,,TDP,,,,,
Thumucherla B Madhavappa,Kanaganapalli,2001,,Thumucherla,,,,,,TDP,,,,,
Balavenkatamma,Kanaganapalli,2001,,Bhanukota,,,,,,TDP,,,,,
Valamasi Papanna,Kanaganapalli,2001,,Kanaganapalli,,,,,,TDP,,,,,
M Varlakshmi,Kanaganapalli,2001,,Konetinayanipalyam,,,,,,TDP,,,,,
B Prabhakar,Kanaganapalli,2001,,Thogarakunta,,,,,,TDP,,,,,
Dontireddigari Bavireddy,Kanaganapalli,2001,,Dadalur,,,,,,TDP,,,,,
Venkatapathi,Kanaganapalli,2001,,Mukthapuram,,,,,,TDP,,,,,
Laxmakka,Kanekal,2001,,Kanekal 4,,,,,,TDP,,,,,
H Anajaneyulu,Kanekal,2001,,Rachumarri,,,,,,TDP,,,,,
B Laxmi,Kanekal,2001,,Brahmasamudram,,,,,,TDP,,,,,
K Laxmi Devi,Kanekal,2001,,Kanekal 3,,,,,,TDP,,,,,
Boya Yerriswamy,Kanekal,2001,,Bennikal,,,,,,TDP,,,,,
Bheemappa,Kanekal,2001,,Hulikera,,,,,,INC,,,,,
Valem Hanumathappa,Kanekal,2001,,Thumbiganur,,,,,,TDP,,,,,
S K Parvathi,Kanekal,2001,,Hanakanahal,,,,,,TDP,,,,,
Aleri Vijaya Laxmi,Kanekal,2001,,N Hanumapuram,,,,,,INC,,,,,
P Shviarami Reddy,Kanekal,2001,,Ganigera,,,,,,INC,,,,,
P Basavanna Goud,Kanekal,2001,,Malyam,,,,,,INC,,,,,
P Sanjeevi Reddy,Kanekal,2001,,Yerragunta,,,,,,TDP,,,,,
Sarvasetti Raghavendra Gupta,Kanekal,2001,,Kanekal 1,,,,,,TDP,,,,,
Shek Pathimabee,Kanekal,2001,,Kanekal 2,,,,,,TDP,,,,,
Harijana Pedda Narasimhulu,Kothacheruvu,2001,,Kothacheruvu 1,,,,,,TDP,,,,,
Asha Bee D,Kothacheruvu,2001,,Pothulakunta,,,,,,TDP,,,,,
Neeru Ganti Venkatesu,Kothacheruvu,2001,,Byrampuram,,,,,,TDP,,,,,
Kammara Akkulappa,Kothacheruvu,2001,,Kesapuram,,,,,,TDP,,,,,
Maneri Umadevi,Kothacheruvu,2001,,Kodapaganipalli,,,,,,INC,,,,,
Salakka Gari Vani,Kothacheruvu,2001,,Kothacheruvu 2,,,,,,TDP,,,,,
Venkataramudu,Kothacheruvu,2001,,Bandlapalli,,,,,,IND,,,,,
M Bhasakara Reddy,Kothacheruvu,2001,,Talamarla,,,,,,INC,,,,,
Chandrappagari Bairavudu,Kothacheruvu,2001,,Iragampalli,,,,,,TDP,,,,,
P V Gari Krishnaveni,Kothacheruvu,2001,,Kothacheruvu 3,,,,,,TDP,,,,,
Korise Srinivasulu,Kudair,2001,,Marutla,,,,,,IND,,,,,
Harijana Obulamma,Kudair,2001,,Gotukur,,,,,,TDP,,,,,
H Sanganna,Kudair,2001,,Kudair,,,,,,INC,,,,,
Ramalaxmamma,Kudair,2001,,Udiripikonda,,,,,,TDP,,,,,
N Bhashu,Kudair,2001,,Ipperu,,,,,,INC,,,,,
K Srinivasulu,Kudair,2001,,Korrakodu,,,,,,INC,,,,,
K Ratnamma,Kudair,2001,,P Narayanapuram,,,,,,INC,,,,,
Ponnupati Meri Nirmalamma,Kudair,2001,,Thimmapuram,,,,,,INC,,,,,
G Ramanjanamma,Kudair,2001,,Cholasamudram,,,,,,TDP,,,,,
Durgamma,Kundurpi,2001,,Kariganipalli,,,,,,INC,,,,,
K.Ramadasu,Kundurpi,2001,,Kundurpi 1,,,,,,TDP,,,,,
Saradamma,Kundurpi,2001,,Enumuladoddi,,,,,,TDP,,,,,
Obulapthi,Kundurpi,2001,,Jambugumpala,,,,,,CPI,,,,,
Mukku Hanumaiah,Kundurpi,2001,,Malayanur,,,,,,TDP,,,,,
Siva Ligaiah,Kundurpi,2001,,Thumkunta,,,,,,CPI,,,,,
P.Premakka,Kundurpi,2001,,Besthavaripalli,,,,,,INC,,,,,
K.Laxmidevi,Kundurpi,2001,,Basapuram,,,,,,INC,,,,,
Narayana Reddi,Kundurpi,2001,,Nijavalli,,,,,,TDP,,,,,
Ganisab,Kundurpi,2001,,Appilepalli,,,,,,INC,,,,,
P.Girija,Kundurpi,2001,,Kundurpi 2,,,,,,CPI,,,,,
Narasamma,Lepakshi,2001,,Konduru,,,,,,TDP,,,,,
V Adinarayanappa,Lepakshi,2001,,Lepakshi 1,,,,,,INC,,,,,
K Lakshmi Narasamma,Lepakshi,2001,,Manepalli,,,,,,IND,,,,,
M Mallanna,Lepakshi,2001,,Lepakshi 2,,,,,,INC,,,,,
Venkatesulu,Lepakshi,2001,,Cholasamudram,,,,,,TDP,,,,,
T Anjamamma,Lepakshi,2001,,Pulamathi,,,,,,TDP,,,,,
Lakshmamma,Lepakshi,2001,,Kodipalli,,,,,,TDP,,,,,
Nagaraju,Lepakshi,2001,,Kanchisamudram,,,,,,TDP,,,,,
T Venkatesh,Lepakshi,2001,,Sirivaram,,,,,,TDP,,,,,
R Pyara Jan,Lepakshi,2001,,Mydugolam,,,,,,INC,,,,,
Mallikarjuna,Lepakshi,2001,,Kallur,,,,,,TDP,,,,,
Hanuma Naik,Madakasira,2001,,Melavoy 2,,,,,,INC,,,,,
Krishna Venamma,Madakasira,2001,,R Ananthapuram,,,,,,TDP,,,,,
Vetti Hanumanthappa,Madakasira,2001,,Govindapuram,,,,,,INC,,,,,
Raghu Ramappa,Madakasira,2001,,Madakasira 2,,,,,,INC,,,,,
Gopalappa K,Madakasira,2001,,Haresamudram,,,,,,TDP,,,,,
Laxmi Narsamma,Madakasira,2001,,Chandakacherla,,,,,,INC,,,,,
Anjinamma,Madakasira,2001,,Gowdanahalli,,,,,,INC,,,,,
Giri,Madakasira,2001,,Amidaladongi,,,,,,TDP,,,,,
Ramanjappa,Madakasira,2001,,Manur,,,,,,INC,,,,,
C Chikka Ramappa,Madakasira,2001,,Madakasira 6,,,,,,INC,,,,,
Junjanna,Madakasira,2001,,Madakasira 1,,,,,,TDP,,,,,
Ratnamma,Madakasira,2001,,Bullasamudram,,,,,,INC,,,,,
Putha Nigamma,Madakasira,2001,,Y B Halli,,,,,,TDP,,,,,
Sunandamma,Madakasira,2001,,Kallumarri,,,,,,TDP,,,,,
Laxmi Reddy,Madakasira,2001,,C Kodigepalli,,,,,,INC,,,,,
S Fayaz,Madakasira,2001,,Madakasira 3,,,,,,TDP,,,,,
K Laxmi Narsappa,Madakasira,2001,,Madakasira 4,,,,,,TDP,,,,,
K Prabhakara Rao,Madakasira,2001,,Melavoy 1,,,,,,TDP,,,,,
T Venkatesulu,Madakasira,2001,,Madakasira 5,,,,,,TDP,,,,,
T Chowli Bai,Mudigubba,2001,,Kondaguttapalli,,,,,,INC,,,,,
Bukasa Shankara Naik,Mudigubba,2001,,Dorigallu,,,,,,INC,,,,,
Konduru Anjinamma,Mudigubba,2001,,Malakavemula,,,,,,INC,,,,,
Kolala Pedda Venkatramuldu,Mudigubba,2001,,Jonnalakothapalli,,,,,,INC,,,,,
M Eswaramma,Mudigubba,2001,,D C Revu,,,,,,INC,,,,,
Derangula Gangadevi,Mudigubba,2001,,Mallepalli,,,,,,INC,,,,,
Poratam Tiruppalu,Mudigubba,2001,,Chinnakotla,,,,,,INC,,,,,
Neeru Gattu Raghu Ramaiah,Mudigubba,2001,,Kodavandlapalli,,,,,,INC,,,,,
Goddumari Chinabayanna,Mudigubba,2001,,Sankepalli,,,,,,INC,,,,,
Annamaneni Prameelamma,Mudigubba,2001,,Mudigubba 2,,,,,,TDP,,,,,
Somala Rangamma,Mudigubba,2001,,Mudigubba 3,,,,,,IND,,,,,
D Srinivasa Reddy,Mudigubba,2001,,Marithadu,,,,,,INC,,,,,
B.Vengamuni Choudary,Mudigubba,2001,,Mudigubba 1,,,,,,TDP,,,,,
B.China Appaswamy,Mudigubba,2001,,Mukthapuram,,,,,,TDP,,,,,
Anamaneni Prabhakaranaidu,Mudigubba,2001,,Mangalamadaka,,,,,,TDP,,,,,
T.Venkataramana,N.P.Kunta,2001,,N P Kunta,,,,,,INC,,,,,
Pamishetti Alivelamma,N.P.Kunta,2001,,East Nadimipalli,,,,,,TDP,,,,,
Gadikatla Samireddi,N.P.Kunta,2001,,P Kothapalli,,,,,,TDP,,,,,
C M G  Venkatasubbamma,N.P.Kunta,2001,,Daniyanicheruvu,,,,,,TDP,,,,,
E.Nagamma,N.P.Kunta,2001,,Marrikommadinne,,,,,,TDP,,,,,
V.Eswara Reddi,N.P.Kunta,2001,,Velichelamala,,,,,,TDP,,,,,
Chitikineni Ramanjulu,N.P.Kunta,2001,,Pedaballi,,,,,,INC,,,,,
E Venkatanarayana,N.P.Kunta,2001,,Edurudona,,,,,,TDP,,,,,
Kommu Srinivasulu,Nallacheruvu,2001,,Ubicherla,,,,,,INC,,,,,
Parkala Vijaya Gouri,Nallacheruvu,2001,,Nallacheruvu 1,,,,,,INC,,,,,
Devala Vemmaiah,Nallacheruvu,2001,,Nallacheruvu 2,,,,,,INC,,,,,
Chekka Uttamma,Nallacheruvu,2001,,K Poolakunta,,,,,,INC,,,,,
Kurukuru Prameelamma,Nallacheruvu,2001,,Oruvai,,,,,,TDP,,,,,
Kurukuru Niranjana Reddy,Nallacheruvu,2001,,P Kothapalli,,,,,,INC,,,,,
Gandipalli Nagabhushna Reddy,Nallacheruvu,2001,,Thavalamarri,,,,,,TDP,,,,,
Nallabothu Nagabhushana,Nallacheruvu,2001,,Talamarlavandlapalli,,,,,,TDP,,,,,
D Kulli Naik,Nallamada,2001,,Nallamada 2,,,,,,INC,,,,,
Boppala Sri Ramulu,Nallamada,2001,,Donnikota,,,,,,INC,,,,,
Nunna Sivamma,Nallamada,2001,,Kurumala,,,,,,INC,,,,,
Agisam Pratap,Nallamada,2001,,Gopepalli,,,,,,INC,,,,,
Kothakota Nagappa,Nallamada,2001,,Charupalli,,,,,,INC,,,,,
T Laxmi Devamma,Nallamada,2001,,Pulagampalli,,,,,,INC,,,,,
Agisam Varalaxmamma,Nallamada,2001,,Enumulavaripalli / Pathabathal,,,,,,INC,,,,,
S Shakunthalamma,Nallamada,2001,,Vellamaddi,,,,,,TDP,,,,,
M Venkataramanappa,Nallamada,2001,,Nallamada 1,,,,,,TDP,,,,,
Thalamarla Venkataramana,Nallamada,2001,,Reddipalli,,,,,,TDP,,,,,
A Kullai Reddy,Nallamada,2001,,Vankarakunta,,,,,,TDP,,,,,
Pedda Lakshmi,Narpala,2001,,Narpala 2,,,,,,INC,,,,,
Barika Peddanna,Narpala,2001,,H Sodanapalli,,,,,,INC,,,,,
Lakshmi Devi,Narpala,2001,,Venkatampalli,,,,,,TDP,,,,,
Venkataramudu,Narpala,2001,,Nadimidoddi,,,,,,TDP,,,,,
Narappa,Narpala,2001,,Chamalur,,,,,,INC,,,,,
Alam Chennappa Naidu,Narpala,2001,,Bondalawada,,,,,,TDP,,,,,
Venkatalakshmamma,Narpala,2001,,Duggumarri,,,,,,INC,,,,,
P Sivalakshmamma,Narpala,2001,,Narpala 3,,,,,,TDP,,,,,
Gavireddy  Lakshminarayanamma,Narpala,2001,,Bandalapalli,,,,,,TDP,,,,,
N Sadasivanaidu,Narpala,2001,,B Papur,,,,,,TDP,,,,,
Anthapu Sreeramireddy,Narpala,2001,,Ganganapalli,,,,,,INC,,,,,
Nallapati Umapathi,Narpala,2001,,Gugudu,,,,,,TDP,,,,,
N Satyanarayana Reddy,Narpala,2001,,Narpala 1,,,,,,INC,,,,,
Kire Naik,O.D.Cheruvu,2001,,Kondakamarla  1,,,,,,TDP,,,,,
Kanakanti Ullakka,O.D.Cheruvu,2001,,T Kuntlapalli,,,,,,TDP,,,,,
Yarla Chinnamma,O.D.Cheruvu,2001,,Inagalur,,,,,,CPI,,,,,
Malmakula Gurramma,O.D.Cheruvu,2001,,Chintamanipalli,,,,,,INC,,,,,
Komiri Muneppa,O.D.Cheruvu,2001,,Allapalli,,,,,,INC,,,,,
Devarabai Laxmi Narayana,O.D.Cheruvu,2001,,Kondakamarla 2,,,,,,INC,,,,,
Beedireddy Saralamma,O.D.Cheruvu,2001,,Thangedukunta,,,,,,TDP,,,,,
Bollapalli Ramakrishnamma,O.D.Cheruvu,2001,,Venkatapuram,,,,,,TDP,,,,,
Nirmalamma,O.D.Cheruvu,2001,,Daburuvaripalli,,,,,,INC,,,,,
Malaka Aswartha Reddy,O.D.Cheruvu,2001,,Sunnampalli,,,,,,INC,,,,,
Akuthotha Vasundara,O.D.Cheruvu,2001,,O D Cheruvu,,,,,,INC,,,,,
Shaik Hyder Vali,O.D.Cheruvu,2001,,Mittiapalli,,,,,,INC,,,,,
Untla Raghunath Reddy,O.D.Cheruvu,2001,,Thippepalli,,,,,,TDP,,,,,
Badri Naik,Pamidi,2001,,Palyam,,,,,,INC,,,,,
Ramajinamma,Pamidi,2001,,Yeddulapalli,,,,,,INC,,,,,
Harijanamadlapeda Sunkanna,Pamidi,2001,,Khaderpeta,,,,,,TDP,,,,,
Jangam Laxmi Devi,Pamidi,2001,,Gajarampalli,,,,,,INC,,,,,
T Parwathi Bai,Pamidi,2001,,Pamidi 12,,,,,,INC,,,,,
Javalakera Jaganatharao,Pamidi,2001,,Pamidi 9,,,,,,BJP,,,,,
Thunga Nagappa,Pamidi,2001,,Ramagiri,,,,,,INC,,,,,
B Guru Das,Pamidi,2001,,Venkarajukalva,,,,,,TDP,,,,,
Laxmi Devi,Pamidi,2001,,G Kottala,,,,,,TDP,,,,,
B Sulochanamma,Pamidi,2001,,Pamidi 13,,,,,,INC,,,,,
Yaparla Ranga Reddy,Pamidi,2001,,Ramarajupalli,,,,,,INC,,,,,
N V S Vasundhara Devi,Pamidi,2001,,Pamidi 10,,,,,,INC,,,,,
B Srinivas Reddy,Pamidi,2001,,Pamidi 11,,,,,,TDP,,,,,
Laxmi Devamma,Parigi,2001,,Parigi Iii,,,,,,INC,,,,,
T Govindappa,Parigi,2001,,Parigi Ii,,,,,,INC,,,,,
Pujanna,Parigi,2001,,Moda  I,,,,,,INC,,,,,
Rajeswari,Parigi,2001,,Seegipally,,,,,,TDP,,,,,
G Ashvathappa,Parigi,2001,,Utakur,,,,,,TDP,,,,,
Venkampalli Srinivasulu,Parigi,2001,,Kodigenahalli  1,,,,,,INC,,,,,
Nagarthnamma,Parigi,2001,,Narsapuram,,,,,,TDP,,,,,
R Indiramma,Parigi,2001,,Sasanakota,,,,,,TDP,,,,,
Jayamma,Parigi,2001,,Sirekolam,,,,,,IND,,,,,
B Babi Reddy,Parigi,2001,,Beechiganipally,,,,,,TDP,,,,,
P Venkata Reddy,Parigi,2001,,Parigi I,,,,,,INC,,,,,
Ashwarthanarayana,Parigi,2001,,Moda Ii,,,,,,TDP,,,,,
C B Ravindra,Parigi,2001,,Kodiganahalli Ii,,,,,,INC,,,,,
T Nagarathna,Peddapappur,2001,,Muchukota,,,,,,INC,,,,,
Chinna Pullaiah,Peddapappur,2001,,Peddayekkalur,,,,,,INC,,,,,
Kondamla Sarojam,Peddapappur,2001,,Peddapappur,,,,,,TDP,,,,,
N Narayana Swamy,Peddapappur,2001,,K Narasapuram,,,,,,INC,,,,,
Punja Subbaiah,Peddapappur,2001,,Kummetha,,,,,,TDP,,,,,
U Runminamma,Peddapappur,2001,,Ammalladinne,,,,,,INC,,,,,
K Sai Mohan,Peddapappur,2001,,Somanapalli,,,,,,INC,,,,,
G Chinna Obulesu Reddy,Peddapappur,2001,,Thabjila,,,,,,TDP,,,,,
J C Chintharanjan Reddy,Peddapappur,2001,,Jutur,,,,,,TDP,,,,,
H Lakshmi Narayanamma,Peddavadugur,2001,,Penakalapadu,,,,,,TDP,,,,,
R Yellappa,Peddavadugur,2001,,Peddavadugur,,,,,,CPI,,,,,
Pothula Kamalamma,Peddavadugur,2001,,Virupapuram,,,,,,TDP,,,,,
B Peddaranganna,Peddavadugur,2001,,Chitrachedu,,,,,,INC,,,,,
Kuruba Subbanna,Peddavadugur,2001,,Kristipadu,,,,,,INC,,,,,
Smt P Noorjahan,Peddavadugur,2001,,Medimakulapalli,,,,,,TDP,,,,,
P Nageswaramma,Peddavadugur,2001,,Gooty-anantapur,,,,,,IND,,,,,
M Jayalakshmi,Peddavadugur,2001,,Mallenipalli,,,,,,TDP,,,,,
C Vijayabhaskar Reddy,Peddavadugur,2001,,Appecherla,,,,,,INC,,,,,
Smt M K Lakshmi Bai,Peddavadugur,2001,,Dimmagudi,,,,,,TDP,,,,,
Chittemreddy Rajasekhar Reddy,Peddavadugur,2001,,Ravuludiki,,,,,,TDP,,,,,
Subbe Naik,Penukonda,2001,,Nagalur,,,,,,TDP,,,,,
M P Muthyalamma,Penukonda,2001,,Venkatareddipalli,,,,,,TDP,,,,,
Ramanjanappa,Penukonda,2001,,Mavatur,,,,,,TDP,,,,,
Ediga Renukamma,Penukonda,2001,,Duddebanda,,,,,,TDP,,,,,
G B Murlidhar,Penukonda,2001,,Konapuram,,,,,,TDP,,,,,
B Meenakshamma,Penukonda,2001,,Penukonda 4,,,,,,TDP,,,,,
Talari Anjinappa,Penukonda,2001,,Settipalli,,,,,,INC,,,,,
G Alliveli,Penukonda,2001,,Penukonda 1,,,,,,TDP,,,,,
Yasodamma,Penukonda,2001,,Munimadugu,,,,,,TDP,,,,,
A Mahammd Khan,Penukonda,2001,,Penukonda 2,,,,,,TDP,,,,,
C N Sreedhar,Penukonda,2001,,Penukonda 3,,,,,,TDP,,,,,
K P Pushpalatha,Penukonda,2001,,Ramapuram,,,,,,TDP,,,,,
Manchineela Venkata Ramudu,Penukonda,2001,,Guttur,,,,,,TDP,,,,,
Katla Chinna Lakshmamma,Putlur,2001,,Charlopalli,,,,,,INC,,,,,
N Srinivasulu,Putlur,2001,,Guruguchinthalapalli,,,,,,INC,,,,,
Lakshmi Devi,Putlur,2001,,Kadavakallu,,,,,,INC,,,,,
T Kullayappa,Putlur,2001,,Surepalli,,,,,,TDP,,,,,
Beduduri Nagalakshmamma,Putlur,2001,,Kummanamala,,,,,,INC,,,,,
Pydipa Saraswathi,Putlur,2001,,Yellutla,,,,,,INC,,,,,
Bhumireddy Ramachandrareddy,Putlur,2001,,Putlur,,,,,,INC,,,,,
Ambati Venkataramanareddy,Putlur,2001,,Sanagalagudur,,,,,,INC,,,,,
Ambati Ramachandra Reddy,Putlur,2001,,S Vengannapalli,,,,,,TDP,,,,,
Kamburam Krishna Reddy,Putlur,2001,,Maddipalli,,,,,,INC,,,,,
P Srinivasulu Naik,Puttaparthi,2001,,Pedapalli,,,,,,TDP,,,,,
H Ganganna,Puttaparthi,2001,,Jagarajupalli,,,,,,INC,,,,,
Besta Laxmi Devamma,Puttaparthi,2001,,Nidimamidi,,,,,,TDP,,,,,
Murari Veera Narappa,Puttaparthi,2001,,Veengalammacheruvu,,,,,,TDP,,,,,
Kogiri Kesava,Puttaparthi,2001,,Enumulapalli,,,,,,INC,,,,,
Goduru Chennamma,Puttaparthi,2001,,Puttaparthi 2,,,,,,TDP,,,,,
K.Nagamani,Puttaparthi,2001,,Rachuvaripalli,,,,,,INC,,,,,
K P Ratnamma,Puttaparthi,2001,,Amagondapalyam,,,,,,TDP,,,,,
B.Bayyanna,Puttaparthi,2001,,Puttaparthi 1,,,,,,INC,,,,,
Pardhasarthi Reddi Beedupalli,Puttaparthi,2001,,Bramhanapalli,,,,,,INC,,,,,
Obula Reddibeedupalli,Puttaparthi,2001,,Beedupalli,,,,,,INC,,,,,
Manda Gangamma,Ramagiri,2001,,Peruru 1,,,,,,TDP,,,,,
Marenna,Ramagiri,2001,,Pereru 2,,,,,,TDP,,,,,
B Parvathi,Ramagiri,2001,,Ramagiri,,,,,,TDP,,,,,
Kotte Balanarasimhudu,Ramagiri,2001,,Kuntimaddi,,,,,,TDP,,,,,
B C Bommaiah,Ramagiri,2001,,Motor Chinthalapally,,,,,,TDP,,,,,
Suguna,Ramagiri,2001,,Naganakota,,,,,,TDP,,,,,
Bandaru Linganna,Ramagiri,2001,,Ganthimarri,,,,,,TDP,,,,,
K Varadappa,Ramagiri,2001,,Polepally,,,,,,TDP,,,,,
Peddanna,Rapthadu,2001,,Gondireddipalli,,,,,,INC,,,,,
A Nirmalamma,Rapthadu,2001,,Palacherla,,,,,,INC,,,,,
Chennamma,Rapthadu,2001,,Rapthadu,,,,,,INC,,,,,
D Yellamma,Rapthadu,2001,,Parasannayapalli,,,,,,INC,,,,,
Narayanamma,Rapthadu,2001,,Hampapuram,,,,,,INC,,,,,
Y Swarajalakshmi,Rapthadu,2001,,M Bandameedapalli,,,,,,INC,,,,,
G Krishna Reddy,Rapthadu,2001,,Gandlaparthi,,,,,,INC,,,,,
S Venkata Reddy,Rapthadu,2001,,Bommeparthi,,,,,,INC,,,,,
P Kadirappa,Rapthadu,2001,,Marur,,,,,,INC,,,,,
Anjinamma,Rayadurg,2001,,Gramadatla,,,,,,INC,,,,,
Bheemappa,Rayadurg,2001,,Mallapuram,,,,,,INC,,,,,
Suseelamma,Rayadurg,2001,,B N Halli,,,,,,TDP,,,,,
Kumaraswamy,Rayadurg,2001,,Junjurampalli,,,,,,INC,,,,,
K.Peddajandhara Naidu,Rayadurg,2001,,Veparalla,,,,,,INC,,,,,
Dokku Muthappa,Rayadurg,2001,,Chadam,,,,,,INC,,,,,
Kuruba Saraswathi,Rayadurg,2001,,Vadrahonnur,,,,,,INC,,,,,
G.Thippareddi,Rayadurg,2001,,Udegolam,,,,,,INC,,,,,
Erranna,Rayadurg,2001,,D-kondapuram,,,,,,TDP,,,,,
M Muthyalamma,Roddam,2001,,Cholemarri,,,,,,TDP,,,,,
G Anjaneyulu,Roddam,2001,,Thurakalapatnam,,,,,,TDP,,,,,
Gowni Padnavathamma,Roddam,2001,,Kogira,,,,,,INC,,,,,
K Chenna Kesavulu,Roddam,2001,,Roddam 2,,,,,,TDP,,,,,
S Subbarayappa,Roddam,2001,,Dodagatta,,,,,,TDP,,,,,
B Hanumanthaiah,Roddam,2001,,Nally,,,,,,INC,,,,,
G Tulasamma,Roddam,2001,,Peddamanthur,,,,,,TDP,,,,,
Vadla Rajamma,Roddam,2001,,R Locherla,,,,,,TDP,,,,,
Kithuru Ranganna,Roddam,2001,,M Kothapalli,,,,,,TDP,,,,,
P Chandra Mouli,Roddam,2001,,Roddam 1,,,,,,TDP,,,,,
D Srinivasulu,Roddam,2001,,Kalipi,,,,,,TDP,,,,,
U Chalapathi,Roddam,2001,,Naranagepalli,,,,,,TDP,,,,,
Gangamma,Rolla,2001,,Gudduguriki,,,,,,INC,,,,,
Latha,Rolla,2001,,Rolla 1,,,,,,INC,,,,,
Sakamma,Rolla,2001,,Rolla 2,,,,,,INC,,,,,
Eliyappa,Rolla,2001,,Ratnagiri,,,,,,INC,,,,,
Era Kammanna,Rolla,2001,,M Rayapuram,,,,,,INC,,,,,
Sivamma,Rolla,2001,,B G Halli 1,,,,,,INC,,,,,
H Rangaraju,Rolla,2001,,B G Halli 2,,,,,,INC,,,,,
Devaraju V,Rolla,2001,,Dodderi,,,,,,INC,,,,,
Ramappa,Rolla,2001,,Kaki,,,,,,INC,,,,,
Hanumakka,Settur,2001,,Cherlopalli,,,,,,INC,,,,,
K.Narayanappa,Settur,2001,,Settur,,,,,,INC,,,,,
Kariyamma,Settur,2001,,Chintarlapalli,,,,,,INC,,,,,
B.Ramabheemappa,Settur,2001,,Yatakal,,,,,,INC,,,,,
K.Ramachari,Settur,2001,,Lakshmampalli,,,,,,IND,,,,,
A.Narasamma,Settur,2001,,Mulakaledu 1,,,,,,CPI,,,,,
K.Satyavathi,Settur,2001,,Khyrevu,,,,,,INC,,,,,
Thalari Raja Sekhar,Settur,2001,,Bachehalli,,,,,,INC,,,,,
K.Athaulla,Settur,2001,,Mulakaledu 2,,,,,,INC,,,,,
Kondamma,Singanamala,2001,,Kallumadi,,,,,,BJP,,,,,
Adi Narayana,Singanamala,2001,,Ullikallu,,,,,,BJP,,,,,
Bedala Nagalaxmamma,Singanamala,2001,,Chakrayapeta,,,,,,INC,,,,,
Atte Pedda Hanumanthu,Singanamala,2001,,Sodanapalli,,,,,,TDP,,,,,
Mutyala Laxmi Narayana Reddy,Singanamala,2001,,Salakamcheruvu,,,,,,INC,,,,,
Kadagandla Ramakka,Singanamala,2001,,Rachupalli,,,,,,BJP,,,,,
Kasireddy Visalamma,Singanamala,2001,,Akuledu,,,,,,INC,,,,,
Tarimela Madhusudhana Reddy,Singanamala,2001,,Peravali,,,,,,INC,,,,,
Chakala Pedda Venkatesu,Singanamala,2001,,Singanamala,,,,,,TDP,,,,,
Gopinatha Reddy,Singanamala,2001,,Tarimala,,,,,,BJP,,,,,
D Krishna Reddy,Singanamala,2001,,Narsapuram(west),,,,,,TDP,,,,,
Nagaratnamma,Somandepalli,2001,,Chalakuru,,,,,,TDP,,,,,
A Anjaneyulu,Somandepalli,2001,,Challapalli,,,,,,TDP,,,,,
Vijayamma,Somandepalli,2001,,Nadimpalli,,,,,,TDP,,,,,
Giddaluru Varadappa,Somandepalli,2001,,Somandepalli 1,,,,,,TDP,,,,,
D R Fakruddin,Somandepalli,2001,,Magecheruvu,,,,,,TDP,,,,,
D Varalakshmi,Somandepalli,2001,,Naginayanicheruvu,,,,,,TDP,,,,,
Kurshid Bhanu,Somandepalli,2001,,Thungodu,,,,,,TDP,,,,,
K Narayana,Somandepalli,2001,,Somandepalli 2,,,,,,TDP,,,,,
Kuruba Gangappa,Somandepalli,2001,,Mandli,,,,,,TDP,,,,,
Venkatappa,Somandepalli,2001,,Gudipalli,,,,,,TDP,,,,,
Pakkirugalla Nagalakshmi,Tadimarri,2001,,Tadimarri,,,,,,INC,,,,,
J Yesayya,Tadimarri,2001,,Narasimpalli,,,,,,TDP,,,,,
Chilla Narayanamma,Tadimarri,2001,,Chillakondapalli,,,,,,INC,,,,,
S Kulyappa,Tadimarri,2001,,M Agraharam,,,,,,INC,,,,,
Gandla Sreeramulu,Tadimarri,2001,,Dadithota,,,,,,IND,,,,,
Martati Yengamma,Tadimarri,2001,,Pinnadari,,,,,,IND,,,,,
Vadi Gopal Reddy,Tadimarri,2001,,Kunukuntla,,,,,,INC,,,,,
Chimmili Ramanjaineylu,Tadimarri,2001,,C C Revu,,,,,,INC,,,,,
Pattal Chandrasekhara Reddy,Tadimarri,2001,,Peddakotla,,,,,,INC,,,,,
Arakatavemula Kullayamma,Tadipatri,2001,,Aluru,,,,,,TDP,,,,,
Narayana,Tadipatri,2001,,Bhogasamudram,,,,,,TDP,,,,,
Shirolla Narayanamma,Tadipatri,2001,,Sajjaladinne,,,,,,TDP,,,,,
Thirumala Nagabhushanam,Tadipatri,2001,,Chinnapolamada,,,,,,TDP,,,,,
Channa Rama Govindu,Tadipatri,2001,,Gannavaripalli,,,,,,TDP,,,,,
J Mahaboob Basha,Tadipatri,2001,,Brahmanapalli,,,,,,INC,,,,,
Sangati Lalithamma,Tadipatri,2001,,Diguvapalli,,,,,,INC,,,,,
Rama Devi,Tadipatri,2001,,Urichinthala,,,,,,IND,,,,,
Yarrappareddigari Sunki Reddy,Tadipatri,2001,,Bondaladinne,,,,,,INC,,,,,
Peddakotla Vasudeva Reddy,Tadipatri,2001,,Chukkalur,,,,,,INC,,,,,
G Ramakrishna Reddy,Tadipatri,2001,,Yerraguntapalli,,,,,,INC,,,,,
Indravath H Naik,Talupula,2001,,Edulakuntlapalli,,,,,,INC,,,,,
Udagala Ramachandara,Talupula,2001,,Kurli,,,,,,BJP,,,,,
Aluri Mushkinamma,Talupula,2001,,Vepamanipeta,,,,,,INC,,,,,
Satarla China Ganganna,Talupula,2001,,Udumulakurthi,,,,,,TDP,,,,,
Bathala Narayana,Talupula,2001,,Obulareddipalli,,,,,,TDP,,,,,
Koduru Vijayalaxmi,Talupula,2001,,Lakkasamudram,,,,,,TDP,,,,,
Parigisetti Venkatalaxmamma,Talupula,2001,,Peddannavaripalli,,,,,,TDP,,,,,
Gorla Prameelamma,Talupula,2001,,Nutanakalva,,,,,,TDP,,,,,
O.Sudhir Reddi,Talupula,2001,,Odulapalli,,,,,,TDP,,,,,
Eddula Gopal,Talupula,2001,,Talupula 1,,,,,,IND,,,,,
Thota Narayanareddi,Talupula,2001,,Talupula 2,,,,,,INC,,,,,
Bhuksa Seena Naik,Tanakal,2001,,Kotapalli,,,,,,INC,,,,,
Buddella Umadevi,Tanakal,2001,,Bonthalapalli,,,,,,INC,,,,,
B Pullolla Ravindra,Tanakal,2001,,Tanakal  Iii,,,,,,INC,,,,,
N Lakshmi Narasamma,Tanakal,2001,,Kokkanti Ii (rachanepalli),,,,,,TDP,,,,,
Srivelu Hasan Sab,Tanakal,2001,,Ethodu,,,,,,INC,,,,,
Korukuri Ramanappa,Tanakal,2001,,Tanakal I,,,,,,INC,,,,,
Beegala Nagamallappa,Tanakal,2001,,Cheekatimanipalli,,,,,,INC,,,,,
Yerrapalli Rajeshwaramma,Tanakal,2001,,Tavalam,,,,,,TDP,,,,,
D Pedda Lalithamma,Tanakal,2001,,K Mallireddipalli,,,,,,TDP,,,,,
Eddula Aswarthamma,Tanakal,2001,,Korthikota,,,,,,TDP,,,,,
Kadapala Narsimha Reddy,Tanakal,2001,,Tankal Ii,,,,,,INC,,,,,
Mude Sriramulu Naik,Tanakal,2001,,Ganenaik Thanda,,,,,,TDP,,,,,
Palavaru Chandra,Tanakal,2001,,T Sadam,,,,,,INC,,,,,
B Sulochanamma,Tanakal,2001,,Kokkanti I,,,,,,TDP,,,,,
Megavath Kale Naik,Uravakonda,2001,,Shaiksanipalli,,,,,,TDP,,,,,
Mastanappa Gari Erramma,Uravakonda,2001,,Raketla,,,,,,TDP,,,,,
H Mekala Vannurappa,Uravakonda,2001,,Peddakowkuntla 1,,,,,,TDP,,,,,
Madiga Naganna,Uravakonda,2001,,Peddakowkuntla 2,,,,,,TDP,,,,,
Dasari Jaya Laxmi,Uravakonda,2001,,Chinna Mustur,,,,,,TDP,,,,,
Nimbagal Govindamma,Uravakonda,2001,,Nerimatla,,,,,,TDP,,,,,
Aluru Guru Siddappa,Uravakonda,2001,,Amidala 1,,,,,,TDP,,,,,
P Vannurappa,Uravakonda,2001,,Budagavi,,,,,,INC,,,,,
Adoni Boya Gurudas,Uravakonda,2001,,Nimbagal,,,,,,TDP,,,,,
Chidarapadu Sunkanna,Uravakonda,2001,,Uravakonda 2,,,,,,TDP,,,,,
Madineni Chandrakala,Uravakonda,2001,,Uravakonda 3,,,,,,TDP,,,,,
Erramma,Uravakonda,2001,,Uravakonda 5,,,,,,TDP,,,,,
E Girijamma,Uravakonda,2001,,Uravakonda 7,,,,,,TDP,,,,,
Veluri Padmavathi,Uravakonda,2001,,Amidala 2,,,,,,TDP,,,,,
Chinnapolu Vannur Swamy,Uravakonda,2001,,Lathavaram,,,,,,TDP,,,,,
Kondeti Laxmanna,Uravakonda,2001,,Mopidi,,,,,,TDP,,,,,
Magbool,Uravakonda,2001,,Uravakonda 1,,,,,,INC,,,,,
S Venkateswara,Uravakonda,2001,,Uravakonda 4,,,,,,IND,,,,,
Chintha Venkataiah,Uravakonda,2001,,Uravakonda 6,,,,,,IND,,,,,
Bassi Muni,Vajrakarur,2001,,Thatrakal,,,,,,INC,,,,,
Sake Dhanamma,Vajrakarur,2001,,Konakondla 2,,,,,,INC,,,,,
Pamidi Anjanaiah,Vajrakarur,2001,,Vajrakarur 1,,,,,,TDP,,,,,
G Lakshmikanthamma,Vajrakarur,2001,,Gulapalem,,,,,,INC,,,,,
Besta Sunkamma,Vajrakarur,2001,,P C Pyapalli,,,,,,TDP,,,,,
P Srinivasulu Naidu,Vajrakarur,2001,,Pandikunta,,,,,,TDP,,,,,
Sirivaram Rajendra Prasad,Vajrakarur,2001,,Gadehothur,,,,,,INC,,,,,
Narayanappa,Vajrakarur,2001,,Chabala,,,,,,INC,,,,,
Daruru Kamalamma,Vajrakarur,2001,,Chayapuram,,,,,,TDP,,,,,
T Vara Lakshmi,Vajrakarur,2001,,Vajrakarur 2,,,,,,TDP,,,,,
Ramavath Sanenaik,Vajrakarur,2001,,Venkatampalli,,,,,,INC,,,,,
Ramachandra,Vajrakarur,2001,,Konakondla 1,,,,,,INC,,,,,
P Narasimha Reddy,Vajrakarur,2001,,Ragulapadu,,,,,,TDP,,,,,
Harijan Chinna Beemakka,Vidapanakal,2001,,Gadekal,,,,,,TDP,,,,,
Bommaiahgari Hemavathi,Vidapanakal,2001,,Palthur 1,,,,,,TDP,,,,,
Kuruba Parvathamma,Vidapanakal,2001,,Undabanda,,,,,,TDP,,,,,
Jinka Lakshmi Devi,Vidapanakal,2001,,V Kothakota,,,,,,TDP,,,,,
Dasari Renuka,Vidapanakal,2001,,Hanchanahal,,,,,,TDP,,,,,
Bangaru Yerriswamy,Vidapanakal,2001,,Havaligi,,,,,,INC,,,,,
Jogi Yerriswamy,Vidapanakal,2001,,Vidapanakal,,,,,,TDP,,,,,
P Shakuntala,Vidapanakal,2001,,Karakamukkala,,,,,,INC,,,,,
Thimmapuram Vasundaramma,Vidapanakal,2001,,Veligonda,,,,,,TDP,,,,,
Gutla Venkatesulu,Vidapanakal,2001,,Donekal,,,,,,TDP,,,,,
Modupalli Ramanjaneyulu,Vidapanakal,2001,,Kottalapalli,,,,,,IND,,,,,
Madiga Yannappa,Vidapanakal,2001,,Palthur 2,,,,,,TDP,,,,,
Rayala Narayana Swamy,Vidapanakal,2001,,Poliki,,,,,,TDP,,,,,
Goggira Balakka,Yadiki,2001,,C Lakshmampalli,,,,,,INC,,,,,
Nallabothula Lakshminarayana,Yadiki,2001,,Chandana,,,,,,INC,,,,,
Gunda Venkatamma,Yadiki,2001,,Yadiki 2,,,,,,CPI,,,,,
Goddumarri Dhanalakshmi,Yadiki,2001,,Yadiki 3,,,,,,INC,,,,,
Pusa Sanjanna,Yadiki,2001,,Thutrallapalli,,,,,,CPI,,,,,
Mande Venkatareddy,Yadiki,2001,,P Vengannapalli,,,,,,INC,,,,,
Polamada Ramakrishna,Yadiki,2001,,Boyareddypalli,,,,,,TDP,,,,,
Lakshmi Devi V,Yadiki,2001,,Bogalakatta,,,,,,INC,,,,,
Madda Nagalakhsmamma,Yadiki,2001,,Gudipadu,,,,,,TDP,,,,,
Madala Murali Naidu,Yadiki,2001,,Rayalacheruvu,,,,,,INC,,,,,
Bala Ravikishore,Yadiki,2001,,Yadiki 1,,,,,,INC,,,,,
Orekanti Lakshmi Reddy,Yadiki,2001,,Yadiki 4 (pinnepalli),,,,,,INC,,,,,
Madasu Kamalamma,Yellanur,2001,,Yellanur 2,,,,,,INC,,,,,
Nasolla Anjineyulu,Yellanur,2001,,Boppepalli,,,,,,INC,,,,,
Dasari Nagamunemma,Yellanur,2001,,Yellanur 1,,,,,,INC,,,,,
Narayanagari Ramachandrudu,Yellanur,2001,,Chilamakur,,,,,,INC,,,,,
Pedda Nagaiah,Yellanur,2001,,Bukkapuram,,,,,,INC,,,,,
Puchi Nagamma,Yellanur,2001,,Goddumarri,,,,,,INC,,,,,
Vennapusa Lakshmi Kanthammma,Yellanur,2001,,Vennapusapalli,,,,,,INC,,,,,
Kondala Naidu,Yellanur,2001,,Kallur,,,,,,INC,,,,,
Kethi Reddy Peda Reddy,Yellanur,2001,,Chinthakayamanda,,,,,,INC,,,,,
Kasi Reddy Subbareddy,Yellanur,2001,,Vemulapalli,,,,,,INC,,,,,
